country,year,whs7_139
AFG,2002,94.0
AFG,2003,94.0
AFG,2004,94.0
AFG,2005,94.0
AFG,2006,94.0
AFG,2007,94.0
AFG,2008,94.0
AFG,2009,94.0
AFG,2010,94.0
AFG,2011,99.3
AFG,2012,93.6
AFG,2013,93.6
AGO,1995,65.8
AGO,1996,70.4
AGO,1997,79.2
AGO,1998,84.5
AGO,1999,75.0
AGO,2000,71.4
AGO,2001,83.1
AGO,2002,80.1
AGO,2003,82.1
AGO,2004,81.2
AGO,2005,76.2
AGO,2006,67.9
AGO,2007,78.0
AGO,2008,67.1
AGO,2009,75.4
AGO,2010,71.0
AGO,2011,70.1
AGO,2012,70.5
AGO,2013,73.2
ALB,1995,100.0
ALB,1996,99.9
ALB,1997,99.9
ALB,1998,99.9
ALB,1999,99.9
ALB,2000,99.9
ALB,2001,99.8
ALB,2002,99.8
ALB,2003,94.3
ALB,2004,92.7
ALB,2005,93.8
ALB,2006,92.5
ALB,2007,92.2
ALB,2008,95.5
ALB,2009,99.7
ALB,2010,99.7
ALB,2011,99.7
ALB,2012,99.7
ALB,2013,99.7
AND,1995,75.0
AND,1996,75.0
AND,1997,74.5
AND,1998,66.8
AND,1999,74.2
AND,2000,75.5
AND,2001,70.0
AND,2002,70.6
AND,2003,71.1
AND,2004,70.7
AND,2005,72.1
AND,2006,73.2
AND,2007,74.6
AND,2008,74.6
AND,2009,74.6
AND,2010,74.6
AND,2011,73.9
AND,2012,74.6
AND,2013,74.6
ARE,1995,71.0
ARE,1996,68.9
ARE,1997,70.6
ARE,1998,69.0
ARE,1999,69.4
ARE,2000,69.4
ARE,2001,69.4
ARE,2002,75.9
ARE,2003,74.5
ARE,2004,74.4
ARE,2005,73.5
ARE,2006,73.3
ARE,2007,73.4
ARE,2008,73.3
ARE,2009,65.7
ARE,2010,63.2
ARE,2011,63.2
ARE,2012,63.2
ARE,2013,63.2
ARG,1995,69.5
ARG,1996,70.4
ARG,1997,63.2
ARG,1998,63.4
ARG,1999,63.7
ARG,2000,63.0
ARG,2001,64.0
ARG,2002,64.2
ARG,2003,64.4
ARG,2004,64.1
ARG,2005,64.3
ARG,2006,64.1
ARG,2007,61.5
ARG,2008,59.2
ARG,2009,59.2
ARG,2010,60.3
ARG,2011,63.1
ARG,2012,65.5
ARG,2013,65.3
ARM,1995,96.1
ARM,1996,96.3
ARM,1997,95.0
ARM,1998,94.9
ARM,1999,93.9
ARM,2000,94.5
ARM,2001,95.3
ARM,2002,91.9
ARM,2003,95.0
ARM,2004,95.8
ARM,2005,96.7
ARM,2006,95.5
ARM,2007,96.4
ARM,2008,96.0
ARM,2009,95.2
ARM,2010,96.6
ARM,2011,98.4
ARM,2012,93.8
ARM,2013,93.9
ATG,1995,84.7
ATG,1996,84.3
ATG,1997,85.0
ATG,1998,86.4
ATG,1999,85.4
ATG,2000,79.4
ATG,2001,79.2
ATG,2002,79.2
ATG,2003,79.2
ATG,2004,79.2
ATG,2005,76.4
ATG,2006,74.5
ATG,2007,72.4
ATG,2008,74.8
ATG,2009,75.1
ATG,2010,74.6
ATG,2011,73.9
ATG,2012,74.8
ATG,2013,75.2
AUS,1995,47.0
AUS,1996,48.8
AUS,1997,51.0
AUS,1998,59.2
AUS,1999,58.9
AUS,2000,59.7
AUS,2001,57.1
AUS,2002,56.8
AUS,2003,53.8
AUS,2004,54.7
AUS,2005,56.1
AUS,2006,55.7
AUS,2007,55.4
AUS,2008,55.1
AUS,2009,57.3
AUS,2010,58.0
AUS,2011,57.2
AUS,2012,57.1
AUS,2013,57.1
AUT,1995,57.0
AUT,1996,57.9
AUT,1997,62.0
AUT,1998,62.2
AUT,1999,61.7
AUT,2000,62.1
AUT,2001,63.8
AUT,2002,63.7
AUT,2003,63.9
AUT,2004,67.0
AUT,2005,68.2
AUT,2006,68.1
AUT,2007,68.1
AUT,2008,67.5
AUT,2009,67.3
AUT,2010,66.0
AUT,2011,67.7
AUT,2012,65.2
AUT,2013,65.2
AZE,1995,87.3
AZE,1996,86.0
AZE,1997,80.3
AZE,1998,80.7
AZE,1999,79.4
AZE,2000,77.7
AZE,2001,77.9
AZE,2002,79.3
AZE,2003,88.5
AZE,2004,90.8
AZE,2005,92.7
AZE,2006,91.2
AZE,2007,89.8
AZE,2008,88.4
AZE,2009,88.8
AZE,2010,88.6
AZE,2011,89.0
AZE,2012,89.1
AZE,2013,89.7
BDI,1995,75.5
BDI,1996,68.5
BDI,1997,69.2
BDI,1998,68.9
BDI,1999,68.8
BDI,2000,73.0
BDI,2001,74.5
BDI,2002,76.2
BDI,2003,75.4
BDI,2004,68.0
BDI,2005,69.9
BDI,2006,69.2
BDI,2007,60.5
BDI,2008,65.4
BDI,2009,67.5
BDI,2010,69.7
BDI,2011,69.7
BDI,2012,54.9
BDI,2013,44.7
BEL,1995,84.4
BEL,1996,86.5
BEL,1997,85.8
BEL,1998,84.1
BEL,1999,82.0
BEL,2000,80.9
BEL,2001,80.2
BEL,2002,81.4
BEL,2003,80.9
BEL,2004,80.3
BEL,2005,79.9
BEL,2006,80.8
BEL,2007,81.0
BEL,2008,83.0
BEL,2009,82.3
BEL,2010,83.1
BEL,2011,82.0
BEL,2012,82.3
BEL,2013,82.3
BEN,1995,99.9
BEN,1996,99.9
BEN,1997,99.9
BEN,1998,99.9
BEN,1999,99.9
BEN,2000,99.9
BEN,2001,99.9
BEN,2002,99.9
BEN,2003,99.9
BEN,2004,99.5
BEN,2005,94.9
BEN,2006,94.8
BEN,2007,93.7
BEN,2008,91.1
BEN,2009,91.2
BEN,2010,90.7
BEN,2011,89.9
BEN,2012,89.3
BEN,2013,89.2
BFA,1995,94.2
BFA,1996,94.2
BFA,1997,94.2
BFA,1998,94.2
BFA,1999,94.3
BFA,2000,94.3
BFA,2001,94.3
BFA,2002,94.2
BFA,2003,92.2
BFA,2004,95.1
BFA,2005,94.2
BFA,2006,91.3
BFA,2007,93.7
BFA,2008,92.9
BFA,2009,74.0
BFA,2010,73.8
BFA,2011,82.7
BFA,2012,82.7
BFA,2013,82.7
BGD,1995,96.1
BGD,1996,96.2
BGD,1997,98.1
BGD,1998,97.5
BGD,1999,97.6
BGD,2000,97.4
BGD,2001,97.0
BGD,2002,96.0
BGD,2003,96.4
BGD,2004,96.3
BGD,2005,93.8
BGD,2006,93.4
BGD,2007,94.5
BGD,2008,90.7
BGD,2009,92.7
BGD,2010,92.8
BGD,2011,91.5
BGD,2012,93.0
BGD,2013,93.0
BGR,1995,100.0
BGR,1996,100.0
BGR,1997,100.0
BGR,1998,100.0
BGR,1999,100.0
BGR,2000,100.0
BGR,2001,99.9
BGR,2002,98.5
BGR,2003,97.6
BGR,2004,97.4
BGR,2005,96.9
BGR,2006,97.1
BGR,2007,97.1
BGR,2008,97.3
BGR,2009,97.1
BGR,2010,96.8
BGR,2011,96.8
BGR,2012,97.3
BGR,2013,97.3
BHR,1995,71.9
BHR,1996,71.6
BHR,1997,71.9
BHR,1998,73.6
BHR,1999,72.2
BHR,2000,68.0
BHR,2001,68.1
BHR,2002,67.2
BHR,2003,67.2
BHR,2004,69.8
BHR,2005,68.5
BHR,2006,67.3
BHR,2007,66.4
BHR,2008,64.5
BHR,2009,63.6
BHR,2010,61.4
BHR,2011,59.9
BHR,2012,53.6
BHR,2013,49.0
BHS,1995,40.1
BHS,1996,40.2
BHS,1997,40.2
BHS,1998,40.2
BHS,1999,40.2
BHS,2000,40.2
BHS,2001,40.3
BHS,2002,43.8
BHS,2003,46.7
BHS,2004,49.7
BHS,2005,53.0
BHS,2006,51.7
BHS,2007,54.0
BHS,2008,54.0
BHS,2009,54.0
BHS,2010,54.0
BHS,2011,54.0
BHS,2012,54.0
BHS,2013,54.0
BIH,1995,100.0
BIH,1996,100.0
BIH,1997,100.0
BIH,1998,100.0
BIH,1999,100.0
BIH,2000,100.0
BIH,2001,100.0
BIH,2002,100.0
BIH,2003,100.0
BIH,2004,100.0
BIH,2005,100.0
BIH,2006,100.0
BIH,2007,100.0
BIH,2008,100.0
BIH,2009,97.3
BIH,2010,97.2
BIH,2011,96.9
BIH,2012,96.7
BIH,2013,96.9
BLR,1995,64.5
BLR,1996,59.8
BLR,1997,49.8
BLR,1998,58.3
BLR,1999,56.2
BLR,2000,57.1
BLR,2001,64.3
BLR,2002,69.4
BLR,2003,69.6
BLR,2004,68.3
BLR,2005,73.4
BLR,2006,74.5
BLR,2007,76.4
BLR,2008,78.6
BLR,2009,74.8
BLR,2010,88.9
BLR,2011,90.4
BLR,2012,85.3
BLR,2013,92.0
BLZ,1995,80.0
BLZ,1996,78.8
BLZ,1997,79.4
BLZ,1998,78.8
BLZ,1999,78.7
BLZ,2000,82.3
BLZ,2001,81.6
BLZ,2002,81.6
BLZ,2003,79.4
BLZ,2004,79.4
BLZ,2005,79.4
BLZ,2006,75.1
BLZ,2007,75.1
BLZ,2008,73.1
BLZ,2009,73.1
BLZ,2010,69.5
BLZ,2011,69.8
BLZ,2012,69.8
BLZ,2013,69.8
BOL,1995,76.8
BOL,1996,77.9
BOL,1997,83.9
BOL,1998,80.2
BOL,1999,83.8
BOL,2000,81.6
BOL,2001,77.9
BOL,2002,78.9
BOL,2003,79.1
BOL,2004,78.3
BOL,2005,77.9
BOL,2006,70.4
BOL,2007,72.9
BOL,2008,76.8
BOL,2009,79.0
BOL,2010,77.7
BOL,2011,88.3
BOL,2012,82.2
BOL,2013,91.7
BRA,1995,68.0
BRA,1996,68.6
BRA,1997,66.9
BRA,1998,66.9
BRA,1999,67.1
BRA,2000,63.6
BRA,2001,62.6
BRA,2002,62.5
BRA,2003,62.6
BRA,2004,62.6
BRA,2005,62.8
BRA,2006,61.8
BRA,2007,58.5
BRA,2008,56.0
BRA,2009,57.2
BRA,2010,57.8
BRA,2011,57.8
BRA,2012,57.8
BRA,2013,57.8
BRB,1995,75.8
BRB,1996,75.8
BRB,1997,75.9
BRB,1998,76.4
BRB,1999,77.1
BRB,2000,77.3
BRB,2001,76.9
BRB,2002,77.2
BRB,2003,79.1
BRB,2004,80.0
BRB,2005,80.5
BRB,2006,81.3
BRB,2007,80.7
BRB,2008,80.6
BRB,2009,80.6
BRB,2010,80.6
BRB,2011,81.9
BRB,2012,81.9
BRB,2013,81.9
BRN,1995,98.9
BRN,1996,98.9
BRN,1997,98.9
BRN,1998,98.9
BRN,1999,99.2
BRN,2000,98.8
BRN,2001,99.1
BRN,2002,99.1
BRN,2003,98.9
BRN,2004,98.9
BRN,2005,98.8
BRN,2006,98.6
BRN,2007,98.4
BRN,2008,98.2
BRN,2009,97.8
BRN,2010,97.8
BRN,2011,97.8
BRN,2012,97.8
BRN,2013,97.8
BTN,1995,100.0
BTN,1996,100.0
BTN,1997,100.0
BTN,1998,100.0
BTN,1999,100.0
BTN,2000,100.0
BTN,2001,100.0
BTN,2002,100.0
BTN,2003,100.0
BTN,2004,100.0
BTN,2005,97.8
BTN,2006,97.6
BTN,2007,96.9
BTN,2008,96.7
BTN,2009,96.7
BTN,2010,94.7
BTN,2011,94.7
BTN,2012,97.1
BTN,2013,97.1
BWA,1995,37.7
BWA,1996,34.3
BWA,1997,34.5
BWA,1998,36.5
BWA,1999,36.2
BWA,2000,36.7
BWA,2001,37.8
BWA,2002,36.6
BWA,2003,31.0
BWA,2004,26.6
BWA,2005,22.9
BWA,2006,20.0
BWA,2007,17.6
BWA,2008,12.7
BWA,2009,13.5
BWA,2010,11.9
BWA,2011,12.7
BWA,2012,12.7
BWA,2013,12.7
CAF,1995,93.5
CAF,1996,93.5
CAF,1997,93.5
CAF,1998,93.2
CAF,1999,93.4
CAF,2000,93.0
CAF,2001,92.6
CAF,2002,92.7
CAF,2003,92.9
CAF,2004,92.7
CAF,2005,92.4
CAF,2006,92.0
CAF,2007,91.6
CAF,2008,85.1
CAF,2009,83.3
CAF,2010,90.4
CAF,2011,90.5
CAF,2012,90.4
CAF,2013,90.5
CAN,1995,55.6
CAN,1996,55.6
CAN,1997,56.5
CAN,1998,55.3
CAN,1999,54.5
CAN,2000,53.7
CAN,2001,50.7
CAN,2002,49.9
CAN,2003,48.7
CAN,2004,49.3
CAN,2005,49.1
CAN,2006,49.5
CAN,2007,49.5
CAN,2008,49.5
CAN,2009,49.0
CAN,2010,49.2
CAN,2011,49.4
CAN,2012,50.1
CAN,2013,50.1
CHE,1995,71.3
CHE,1996,69.2
CHE,1997,71.9
CHE,1998,72.5
CHE,1999,74.4
CHE,2000,74.0
CHE,2001,73.8
CHE,2002,74.7
CHE,2003,75.9
CHE,2004,76.6
CHE,2005,75.6
CHE,2006,75.3
CHE,2007,75.1
CHE,2008,71.3
CHE,2009,71.6
CHE,2010,72.3
CHE,2011,72.6
CHE,2012,76.1
CHE,2013,76.1
CHL,1995,62.3
CHL,1996,63.6
CHL,1997,66.5
CHL,1998,66.1
CHL,1999,66.3
CHL,2000,65.5
CHL,2001,65.9
CHL,2002,66.8
CHL,2003,66.1
CHL,2004,66.2
CHL,2005,66.5
CHL,2006,66.4
CHL,2007,64.9
CHL,2008,63.7
CHL,2009,63.1
CHL,2010,63.1
CHL,2011,63.2
CHL,2012,62.1
CHL,2013,60.3
CHN,1995,93.7
CHN,1996,94.8
CHN,1997,94.8
CHN,1998,94.3
CHN,1999,94.5
CHN,2000,95.6
CHN,2001,93.1
CHN,2002,90.0
CHN,2003,87.6
CHN,2004,86.5
CHN,2005,85.3
CHN,2006,83.1
CHN,2007,83.0
CHN,2008,80.8
CHN,2009,78.9
CHN,2010,77.2
CHN,2011,78.8
CHN,2012,78.0
CHN,2013,76.7
CIV,1995,81.2
CIV,1996,81.3
CIV,1997,83.4
CIV,1998,83.9
CIV,1999,81.9
CIV,2000,78.9
CIV,2001,75.7
CIV,2002,72.7
CIV,2003,74.0
CIV,2004,76.3
CIV,2005,77.3
CIV,2006,79.4
CIV,2007,81.6
CIV,2008,80.7
CIV,2009,78.1
CIV,2010,76.8
CIV,2011,78.3
CIV,2012,78.3
CIV,2013,76.5
CMR,1995,93.8
CMR,1996,95.3
CMR,1997,94.5
CMR,1998,94.5
CMR,1999,94.5
CMR,2000,94.4
CMR,2001,94.4
CMR,2002,94.4
CMR,2003,94.5
CMR,2004,94.3
CMR,2005,94.6
CMR,2006,94.6
CMR,2007,94.5
CMR,2008,95.0
CMR,2009,94.6
CMR,2010,94.6
CMR,2011,94.3
CMR,2012,94.2
CMR,2013,94.1
COD,1995,81.4
COD,1996,82.7
COD,1997,82.4
COD,1998,84.4
COD,1999,83.2
COD,2000,56.5
COD,2001,75.3
COD,2002,75.5
COD,2003,74.9
COD,2004,77.2
COD,2005,75.2
COD,2006,76.3
COD,2007,75.4
COD,2008,74.1
COD,2009,64.8
COD,2010,61.3
COD,2011,70.0
COD,2012,66.9
COD,2013,69.8
COG,1995,98.4
COG,1996,98.2
COG,1997,98.6
COG,1998,98.8
COG,1999,98.8
COG,2000,98.9
COG,2001,98.7
COG,2002,98.9
COG,2003,99.2
COG,2004,98.8
COG,2005,98.8
COG,2006,98.8
COG,2007,98.5
COG,2008,98.0
COG,2009,96.9
COG,2010,94.2
COG,2011,96.0
COG,2012,96.0
COG,2013,96.0
COK,1995,100.0
COK,1996,100.0
COK,1997,100.0
COK,1998,100.0
COK,1999,100.0
COK,2000,100.0
COK,2001,100.0
COK,2002,100.0
COK,2003,100.0
COK,2004,100.0
COK,2005,100.0
COK,2006,100.0
COK,2007,100.0
COK,2008,100.0
COK,2009,100.0
COK,2010,100.0
COK,2011,100.0
COK,2012,100.0
COK,2013,100.0
COL,1995,84.7
COL,1996,85.4
COL,1997,85.9
COL,1998,80.3
COL,1999,72.4
COL,2000,59.0
COL,2001,59.1
COL,2002,55.9
COL,2003,47.2
COL,2004,60.5
COL,2005,65.9
COL,2006,71.6
COL,2007,72.5
COL,2008,73.7
COL,2009,70.2
COL,2010,67.4
COL,2011,64.0
COL,2012,60.9
COL,2013,58.1
COM,1995,100.0
COM,1996,100.0
COM,1997,100.0
COM,1998,100.0
COM,1999,100.0
COM,2000,100.0
COM,2001,100.0
COM,2002,100.0
COM,2003,100.0
COM,2004,100.0
COM,2005,100.0
COM,2006,100.0
COM,2007,100.0
COM,2008,100.0
COM,2009,100.0
COM,2010,50.0
COM,2011,67.1
COM,2012,67.1
COM,2013,67.1
CPV,1995,94.0
CPV,1996,92.9
CPV,1997,93.0
CPV,1998,95.2
CPV,1999,95.2
CPV,2000,95.2
CPV,2001,95.1
CPV,2002,95.1
CPV,2003,95.0
CPV,2004,95.1
CPV,2005,95.0
CPV,2006,95.0
CPV,2007,94.5
CPV,2008,94.7
CPV,2009,93.7
CPV,2010,89.8
CPV,2011,88.3
CPV,2012,88.3
CPV,2013,87.7
CRI,1995,87.7
CRI,1996,87.5
CRI,1997,87.1
CRI,1998,87.6
CRI,1999,88.2
CRI,2000,88.2
CRI,2001,89.9
CRI,2002,90.9
CRI,2003,89.7
CRI,2004,90.5
CRI,2005,84.5
CRI,2006,86.7
CRI,2007,87.7
CRI,2008,88.9
CRI,2009,89.6
CRI,2010,90.5
CRI,2011,91.0
CRI,2012,91.0
CRI,2013,93.2
CUB,1995,100.0
CUB,1996,100.0
CUB,1997,100.0
CUB,1998,100.0
CUB,1999,100.0
CUB,2000,100.0
CUB,2001,100.0
CUB,2002,100.0
CUB,2003,100.0
CUB,2004,100.0
CUB,2005,100.0
CUB,2006,100.0
CUB,2007,100.0
CUB,2008,100.0
CUB,2009,100.0
CUB,2010,100.0
CUB,2011,100.0
CUB,2012,100.0
CUB,2013,100.0
CYP,1995,98.6
CYP,1996,98.4
CYP,1997,98.2
CYP,1998,98.2
CYP,1999,95.2
CYP,2000,95.7
CYP,2001,95.7
CYP,2002,95.9
CYP,2003,79.1
CYP,2004,82.8
CYP,2005,80.8
CYP,2006,81.0
CYP,2007,83.2
CYP,2008,84.8
CYP,2009,87.4
CYP,2010,86.2
CYP,2011,83.9
CYP,2012,86.6
CYP,2013,86.5
CZE,1995,100.0
CZE,1996,100.0
CZE,1997,100.0
CZE,1998,100.0
CZE,1999,100.0
CZE,2000,100.0
CZE,2001,100.0
CZE,2002,100.0
CZE,2003,97.7
CZE,2004,95.4
CZE,2005,84.3
CZE,2006,85.1
CZE,2007,89.0
CZE,2008,90.1
CZE,2009,90.0
CZE,2010,91.5
CZE,2011,93.2
CZE,2012,94.1
CZE,2013,94.1
DEU,1995,53.7
DEU,1996,54.1
DEU,1997,54.6
DEU,1998,56.3
DEU,1999,55.6
DEU,2000,55.9
DEU,2001,56.1
DEU,2002,55.9
DEU,2003,56.1
DEU,2004,58.0
DEU,2005,57.6
DEU,2006,58.0
DEU,2007,57.6
DEU,2008,56.6
DEU,2009,56.4
DEU,2010,56.4
DEU,2011,55.9
DEU,2012,56.0
DEU,2013,55.6
DJI,1995,98.7
DJI,1996,98.7
DJI,1997,98.9
DJI,1998,98.8
DJI,1999,98.8
DJI,2000,98.5
DJI,2001,98.6
DJI,2002,98.6
DJI,2003,98.7
DJI,2004,98.8
DJI,2005,98.8
DJI,2006,98.8
DJI,2007,98.8
DJI,2008,98.8
DJI,2009,98.8
DJI,2010,99.2
DJI,2011,99.2
DJI,2012,99.2
DJI,2013,99.2
DMA,1995,97.6
DMA,1996,97.5
DMA,1997,97.5
DMA,1998,97.5
DMA,1999,97.6
DMA,2000,96.6
DMA,2001,96.3
DMA,2002,96.4
DMA,2003,96.3
DMA,2004,96.1
DMA,2005,96.6
DMA,2006,96.5
DMA,2007,96.5
DMA,2008,96.2
DMA,2009,88.4
DMA,2010,89.8
DMA,2011,90.5
DMA,2012,91.2
DMA,2013,91.4
DNK,1995,93.3
DNK,1996,92.3
DNK,1997,92.1
DNK,1998,91.3
DNK,1999,91.0
DNK,2000,90.9
DNK,2001,91.1
DNK,2002,90.9
DNK,2003,90.5
DNK,2004,90.4
DNK,2005,90.5
DNK,2006,90.1
DNK,2007,89.4
DNK,2008,88.3
DNK,2009,88.1
DNK,2010,88.7
DNK,2011,87.2
DNK,2012,87.4
DNK,2013,87.4
DOM,1995,72.1
DOM,1996,77.6
DOM,1997,71.6
DOM,1998,71.3
DOM,1999,70.5
DOM,2000,71.9
DOM,2001,72.7
DOM,2002,70.6
DOM,2003,70.2
DOM,2004,84.4
DOM,2005,83.3
DOM,2006,81.4
DOM,2007,78.4
DOM,2008,78.3
DOM,2009,77.3
DOM,2010,78.7
DOM,2011,78.9
DOM,2012,78.9
DOM,2013,78.5
DZA,1995,97.0
DZA,1996,96.5
DZA,1997,96.7
DZA,1998,97.1
DZA,1999,97.0
DZA,2000,96.7
DZA,2001,96.0
DZA,2002,95.7
DZA,2003,95.3
DZA,2004,94.6
DZA,2005,95.2
DZA,2006,95.8
DZA,2007,96.2
DZA,2008,96.4
DZA,2009,96.7
DZA,2010,97.0
DZA,2011,97.2
DZA,2012,97.2
DZA,2013,97.2
ECU,1995,72.9
ECU,1996,72.6
ECU,1997,74.3
ECU,1998,78.9
ECU,1999,84.2
ECU,2000,85.3
ECU,2001,87.0
ECU,2002,87.9
ECU,2003,93.5
ECU,2004,91.7
ECU,2005,91.1
ECU,2006,85.6
ECU,2007,81.5
ECU,2008,81.8
ECU,2009,81.2
ECU,2010,81.3
ECU,2011,81.9
ECU,2012,93.2
ECU,2013,94.2
EGY,1995,89.6
EGY,1996,92.9
EGY,1997,95.2
EGY,1998,96.0
EGY,1999,96.8
EGY,2000,97.4
EGY,2001,98.0
EGY,2002,98.4
EGY,2003,98.4
EGY,2004,98.4
EGY,2005,98.4
EGY,2006,98.2
EGY,2007,98.0
EGY,2008,97.7
EGY,2009,97.7
EGY,2010,97.7
EGY,2011,97.7
EGY,2012,97.7
EGY,2013,97.7
ERI,1995,100.0
ERI,1996,100.0
ERI,1997,100.0
ERI,1998,100.0
ERI,1999,100.0
ERI,2000,100.0
ERI,2001,100.0
ERI,2002,100.0
ERI,2003,100.0
ERI,2004,100.0
ERI,2005,100.0
ERI,2006,100.0
ERI,2007,100.0
ERI,2008,100.0
ERI,2009,100.0
ERI,2010,100.0
ERI,2011,100.0
ERI,2012,100.0
ERI,2013,100.0
ESP,1995,84.6
ESP,1996,83.9
ESP,1997,83.9
ESP,1998,83.6
ESP,1999,83.3
ESP,2000,83.1
ESP,2001,83.1
ESP,2002,82.6
ESP,2003,77.2
ESP,2004,77.1
ESP,2005,76.0
ESP,2006,74.3
ESP,2007,72.6
ESP,2008,75.3
ESP,2009,74.5
ESP,2010,77.8
ESP,2011,76.0
ESP,2012,77.1
ESP,2013,77.1
EST,1995,100.0
EST,1996,98.9
EST,1997,97.9
EST,1998,96.6
EST,1999,74.4
EST,2000,88.5
EST,2001,88.9
EST,2002,87.7
EST,2003,87.8
EST,2004,87.2
EST,2005,87.6
EST,2006,93.8
EST,2007,89.7
EST,2008,88.6
EST,2009,82.1
EST,2010,87.8
EST,2011,84.9
EST,2012,85.3
EST,2013,85.4
ETH,1995,78.3
ETH,1996,78.6
ETH,1997,78.5
ETH,1998,79.5
ETH,1999,79.6
ETH,2000,79.2
ETH,2001,79.8
ETH,2002,80.3
ETH,2003,80.5
ETH,2004,80.4
ETH,2005,79.3
ETH,2006,77.3
ETH,2007,77.9
ETH,2008,80.0
ETH,2009,85.1
ETH,2010,88.5
ETH,2011,90.6
ETH,2012,90.6
ETH,2013,90.6
FIN,1995,80.0
FIN,1996,79.8
FIN,1997,79.4
FIN,1998,78.5
FIN,1999,78.4
FIN,2000,77.7
FIN,2001,77.7
FIN,2002,77.2
FIN,2003,76.8
FIN,2004,76.8
FIN,2005,76.6
FIN,2006,75.8
FIN,2007,75.5
FIN,2008,74.9
FIN,2009,74.9
FIN,2010,75.9
FIN,2011,75.3
FIN,2012,74.7
FIN,2013,75.0
FJI,1995,63.5
FJI,1996,63.5
FJI,1997,63.5
FJI,1998,63.5
FJI,1999,63.5
FJI,2000,63.5
FJI,2001,63.5
FJI,2002,63.5
FJI,2003,63.5
FJI,2004,63.5
FJI,2005,63.5
FJI,2006,63.2
FJI,2007,60.8
FJI,2008,63.4
FJI,2009,72.5
FJI,2010,65.8
FJI,2011,64.7
FJI,2012,64.1
FJI,2013,64.1
FRA,1995,37.4
FRA,1996,35.8
FRA,1997,35.3
FRA,1998,34.7
FRA,1999,34.9
FRA,2000,34.4
FRA,2001,34.8
FRA,2002,34.3
FRA,2003,32.2
FRA,2004,31.5
FRA,2005,32.1
FRA,2006,33.2
FRA,2007,32.9
FRA,2008,33.6
FRA,2009,33.4
FRA,2010,33.1
FRA,2011,33.0
FRA,2012,32.9
FRA,2013,32.9
FSM,1995,100.0
FSM,1996,100.0
FSM,1997,100.0
FSM,1998,100.0
FSM,1999,100.0
FSM,2000,100.0
FSM,2001,100.0
FSM,2002,100.0
FSM,2003,100.0
FSM,2004,100.0
FSM,2005,96.5
FSM,2006,96.9
FSM,2007,94.1
FSM,2008,97.5
FSM,2009,97.5
FSM,2010,97.5
FSM,2011,97.5
FSM,2012,97.5
FSM,2013,97.5
GAB,1995,85.2
GAB,1996,85.2
GAB,1997,85.2
GAB,1998,85.2
GAB,1999,85.2
GAB,2000,85.2
GAB,2001,85.2
GAB,2002,85.2
GAB,2003,85.2
GAB,2004,85.2
GAB,2005,85.2
GAB,2006,85.2
GAB,2007,85.2
GAB,2008,85.2
GAB,2009,85.2
GAB,2010,85.2
GAB,2011,85.2
GAB,2012,85.2
GAB,2013,85.2
GBR,1995,67.6
GBR,1996,64.4
GBR,1997,55.2
GBR,1998,55.4
GBR,1999,55.4
GBR,2000,53.3
GBR,2001,53.2
GBR,2002,53.4
GBR,2003,53.5
GBR,2004,53.9
GBR,2005,51.3
GBR,2006,54.2
GBR,2007,51.5
GBR,2008,48.1
GBR,2009,51.9
GBR,2010,54.7
GBR,2011,56.4
GBR,2012,56.4
GBR,2013,56.4
GEO,1995,100.0
GEO,1996,100.0
GEO,1997,99.9
GEO,1998,99.9
GEO,1999,99.8
GEO,2000,99.4
GEO,2001,87.9
GEO,2002,84.8
GEO,2003,90.5
GEO,2004,91.4
GEO,2005,95.0
GEO,2006,91.5
GEO,2007,86.1
GEO,2008,80.1
GEO,2009,85.6
GEO,2010,89.5
GEO,2011,79.3
GEO,2012,78.9
GEO,2013,78.9
GHA,1995,64.2
GHA,1996,63.9
GHA,1997,64.8
GHA,1998,63.4
GHA,1999,63.2
GHA,2000,63.6
GHA,2001,63.9
GHA,2002,64.2
GHA,2003,64.6
GHA,2004,65.0
GHA,2005,64.9
GHA,2006,65.5
GHA,2007,65.8
GHA,2008,66.2
GHA,2009,65.3
GHA,2010,65.4
GHA,2011,63.0
GHA,2012,91.9
GHA,2013,91.9
GIN,1995,87.9
GIN,1996,88.0
GIN,1997,87.9
GIN,1998,88.0
GIN,1999,87.9
GIN,2000,87.9
GIN,2001,87.9
GIN,2002,87.9
GIN,2003,87.9
GIN,2004,87.9
GIN,2005,87.9
GIN,2006,87.9
GIN,2007,88.0
GIN,2008,87.9
GIN,2009,87.9
GIN,2010,87.9
GIN,2011,88.0
GIN,2012,88.0
GIN,2013,88.0
GMB,1995,53.6
GMB,1996,53.8
GMB,1997,53.6
GMB,1998,53.7
GMB,1999,53.7
GMB,2000,53.7
GMB,2001,53.6
GMB,2002,53.7
GMB,2003,51.2
GMB,2004,48.2
GMB,2005,49.3
GMB,2006,50.1
GMB,2007,50.7
GMB,2008,51.2
GMB,2009,51.6
GMB,2010,52.0
GMB,2011,52.3
GMB,2012,52.5
GMB,2013,52.7
GNB,1995,58.7
GNB,1996,58.7
GNB,1997,55.3
GNB,1998,58.8
GNB,1999,53.5
GNB,2000,54.7
GNB,2001,56.1
GNB,2002,56.0
GNB,2003,55.0
GNB,2004,55.0
GNB,2005,56.8
GNB,2006,58.5
GNB,2007,57.6
GNB,2008,58.8
GNB,2009,58.7
GNB,2010,58.2
GNB,2011,54.7
GNB,2012,57.0
GNB,2013,54.4
GNQ,1995,100.0
GNQ,1996,100.0
GNQ,1997,87.3
GNQ,1998,90.3
GNQ,1999,85.8
GNQ,2000,80.1
GNQ,2001,74.1
GNQ,2002,87.7
GNQ,2003,84.2
GNQ,2004,89.6
GNQ,2005,85.9
GNQ,2006,81.6
GNQ,2007,82.7
GNQ,2008,79.7
GNQ,2009,87.7
GNQ,2010,86.6
GNQ,2011,84.9
GNQ,2012,84.4
GNQ,2013,86.4
GRC,1995,90.6
GRC,1996,89.7
GRC,1997,89.6
GRC,1998,89.2
GRC,1999,88.6
GRC,2000,85.9
GRC,2001,82.6
GRC,2002,83.4
GRC,2003,85.2
GRC,2004,86.2
GRC,2005,87.3
GRC,2006,86.6
GRC,2007,87.2
GRC,2008,94.5
GRC,2009,88.6
GRC,2010,86.8
GRC,2011,87.3
GRC,2012,86.6
GRC,2013,86.6
GRD,1995,100.0
GRD,1996,100.0
GRD,1997,100.0
GRD,1998,100.0
GRD,1999,100.0
GRD,2000,100.0
GRD,2001,100.0
GRD,2002,100.0
GRD,2003,100.0
GRD,2004,100.0
GRD,2005,96.7
GRD,2006,97.0
GRD,2007,97.4
GRD,2008,97.7
GRD,2009,97.8
GRD,2010,97.7
GRD,2011,97.7
GRD,2012,97.7
GRD,2013,95.8
GTM,1995,92.4
GTM,1996,92.4
GTM,1997,92.3
GTM,1998,92.4
GTM,1999,85.0
GTM,2000,89.4
GTM,2001,86.8
GTM,2002,86.0
GTM,2003,86.2
GTM,2004,85.5
GTM,2005,85.8
GTM,2006,86.6
GTM,2007,85.4
GTM,2008,85.3
GTM,2009,85.0
GTM,2010,85.0
GTM,2011,84.6
GTM,2012,83.9
GTM,2013,83.3
GUY,1995,87.5
GUY,1996,87.9
GUY,1997,87.1
GUY,1998,87.3
GUY,1999,86.1
GUY,2000,86.1
GUY,2001,86.1
GUY,2002,86.1
GUY,2003,90.6
GUY,2004,90.6
GUY,2005,90.6
GUY,2006,90.6
GUY,2007,90.6
GUY,2008,90.6
GUY,2009,92.3
GUY,2010,92.3
GUY,2011,92.3
GUY,2012,92.3
GUY,2013,92.5
HND,1995,89.5
HND,1996,89.5
HND,1997,89.6
HND,1998,85.5
HND,1999,88.1
HND,2000,95.0
HND,2001,95.5
HND,2002,95.9
HND,2003,93.5
HND,2004,93.2
HND,2005,94.2
HND,2006,94.6
HND,2007,94.6
HND,2008,94.6
HND,2009,94.3
HND,2010,94.3
HND,2011,92.5
HND,2012,91.5
HND,2013,88.7
HRV,1995,100.0
HRV,1996,100.0
HRV,1997,100.0
HRV,1998,100.0
HRV,1999,100.0
HRV,2000,100.0
HRV,2001,86.0
HRV,2002,93.4
HRV,2003,95.9
HRV,2004,95.9
HRV,2005,95.9
HRV,2006,95.9
HRV,2007,95.9
HRV,2008,95.9
HRV,2009,95.9
HRV,2010,95.9
HRV,2011,60.9
HRV,2012,62.4
HRV,2013,62.4
HTI,1995,77.0
HTI,1996,83.3
HTI,1997,86.2
HTI,1998,73.5
HTI,1999,72.8
HTI,2000,69.7
HTI,2001,71.8
HTI,2002,71.2
HTI,2003,74.3
HTI,2004,75.9
HTI,2005,73.1
HTI,2006,54.5
HTI,2007,54.5
HTI,2008,58.3
HTI,2009,54.5
HTI,2010,3.8
HTI,2011,3.8
HTI,2012,31.7
HTI,2013,32.1
HUN,1995,100.0
HUN,1996,100.0
HUN,1997,100.0
HUN,1998,88.4
HUN,1999,90.0
HUN,2000,89.8
HUN,2001,89.3
HUN,2002,88.2
HUN,2003,88.2
HUN,2004,81.9
HUN,2005,83.4
HUN,2006,80.1
HUN,2007,77.6
HUN,2008,78.0
HUN,2009,73.9
HUN,2010,74.6
HUN,2011,74.9
HUN,2012,75.5
HUN,2013,75.5
IDN,1995,72.4
IDN,1996,72.5
IDN,1997,72.6
IDN,1998,73.1
IDN,1999,73.3
IDN,2000,72.9
IDN,2001,73.5
IDN,2002,72.2
IDN,2003,74.1
IDN,2004,73.9
IDN,2005,76.7
IDN,2006,76.3
IDN,2007,77.2
IDN,2008,76.5
IDN,2009,76.7
IDN,2010,75.8
IDN,2011,76.3
IDN,2012,75.1
IDN,2013,75.1
IND,1995,91.4
IND,1996,91.0
IND,1997,91.9
IND,1998,91.8
IND,1999,91.0
IND,2000,91.8
IND,2001,92.4
IND,2002,91.9
IND,2003,91.6
IND,2004,90.5
IND,2005,90.3
IND,2006,89.1
IND,2007,87.7
IND,2008,87.1
IND,2009,87.0
IND,2010,85.5
IND,2011,87.1
IND,2012,87.2
IND,2013,85.9
IRL,1995,55.8
IRL,1996,54.6
IRL,1997,60.9
IRL,1998,56.9
IRL,1999,60.6
IRL,2000,60.8
IRL,2001,58.6
IRL,2002,58.2
IRL,2003,65.6
IRL,2004,63.3
IRL,2005,66.8
IRL,2006,65.2
IRL,2007,61.0
IRL,2008,62.2
IRL,2009,58.8
IRL,2010,60.0
IRL,2011,54.9
IRL,2012,52.1
IRL,2013,52.1
IRN,1995,97.0
IRN,1996,97.2
IRN,1997,96.5
IRN,1998,96.9
IRN,1999,96.2
IRN,2000,96.2
IRN,2001,95.4
IRN,2002,95.5
IRN,2003,94.9
IRN,2004,95.8
IRN,2005,95.3
IRN,2006,96.6
IRN,2007,96.6
IRN,2008,88.1
IRN,2009,88.0
IRN,2010,88.0
IRN,2011,88.0
IRN,2012,88.0
IRN,2013,88.0
IRQ,1996,100.0
IRQ,1997,100.0
IRQ,1998,100.0
IRQ,1999,100.0
IRQ,2000,100.0
IRQ,2001,100.0
IRQ,2002,100.0
IRQ,2003,100.0
IRQ,2004,100.0
IRQ,2005,100.0
IRQ,2006,100.0
IRQ,2007,100.0
IRQ,2008,100.0
IRQ,2009,100.0
IRQ,2010,100.0
IRQ,2011,100.0
IRQ,2012,100.0
IRQ,2013,100.0
ISL,1995,100.0
ISL,1996,100.0
ISL,1997,100.0
ISL,1998,100.0
ISL,1999,100.0
ISL,2000,100.0
ISL,2001,100.0
ISL,2002,100.0
ISL,2003,92.6
ISL,2004,92.8
ISL,2005,92.5
ISL,2006,92.0
ISL,2007,91.7
ISL,2008,91.7
ISL,2009,92.3
ISL,2010,92.9
ISL,2011,92.9
ISL,2012,92.7
ISL,2013,92.6
ISR,1995,78.9
ISR,1996,77.1
ISR,1997,77.5
ISR,1998,78.2
ISR,1999,74.3
ISR,2000,75.7
ISR,2001,76.5
ISR,2002,73.0
ISR,2003,72.1
ISR,2004,71.0
ISR,2005,71.8
ISR,2006,67.3
ISR,2007,67.6
ISR,2008,64.7
ISR,2009,64.2
ISR,2010,63.1
ISR,2011,66.3
ISR,2012,64.5
ISR,2013,64.5
ITA,1995,90.9
ITA,1996,90.3
ITA,1997,90.7
ITA,1998,90.9
ITA,1999,90.7
ITA,2000,89.6
ITA,2001,87.3
ITA,2002,86.9
ITA,2003,87.3
ITA,2004,88.6
ITA,2005,86.2
ITA,2006,85.4
ITA,2007,86.6
ITA,2008,87.7
ITA,2009,83.7
ITA,2010,83.1
ITA,2011,82.3
ITA,2012,82.8
ITA,2013,82.0
JAM,1995,61.9
JAM,1996,60.6
JAM,1997,69.4
JAM,1998,66.6
JAM,1999,69.5
JAM,2000,65.0
JAM,2001,69.5
JAM,2002,61.8
JAM,2003,64.7
JAM,2004,63.6
JAM,2005,63.6
JAM,2006,63.7
JAM,2007,71.0
JAM,2008,71.0
JAM,2009,70.9
JAM,2010,71.0
JAM,2011,71.0
JAM,2012,59.5
JAM,2013,58.4
JOR,1995,64.3
JOR,1996,66.9
JOR,1997,68.5
JOR,1998,69.1
JOR,1999,72.4
JOR,2000,74.9
JOR,2001,74.3
JOR,2002,78.2
JOR,2003,81.5
JOR,2004,84.1
JOR,2005,86.3
JOR,2006,88.5
JOR,2007,89.4
JOR,2008,83.6
JOR,2009,75.8
JOR,2010,76.6
JOR,2011,77.0
JOR,2012,69.1
JOR,2013,69.1
JPN,1995,78.9
JPN,1996,79.7
JPN,1997,80.8
JPN,1998,80.1
JPN,1999,79.8
JPN,2000,80.1
JPN,2001,81.4
JPN,2002,83.0
JPN,2003,83.8
JPN,2004,84.4
JPN,2005,83.6
JPN,2006,82.7
JPN,2007,82.2
JPN,2008,80.9
JPN,2009,81.0
JPN,2010,80.6
JPN,2011,80.2
JPN,2012,80.2
JPN,2013,80.2
KAZ,1995,98.6
KAZ,1996,98.5
KAZ,1997,98.6
KAZ,1998,98.6
KAZ,1999,98.9
KAZ,2000,98.9
KAZ,2001,98.5
KAZ,2002,98.7
KAZ,2003,98.7
KAZ,2004,98.6
KAZ,2005,98.6
KAZ,2006,98.5
KAZ,2007,98.4
KAZ,2008,98.4
KAZ,2009,98.5
KAZ,2010,98.9
KAZ,2011,98.8
KAZ,2012,98.9
KAZ,2013,98.9
KEN,1995,78.3
KEN,1996,79.1
KEN,1997,79.2
KEN,1998,80.4
KEN,1999,80.4
KEN,2000,80.4
KEN,2001,80.5
KEN,2002,78.3
KEN,2003,79.1
KEN,2004,78.2
KEN,2005,77.4
KEN,2006,73.5
KEN,2007,76.6
KEN,2008,76.5
KEN,2009,76.6
KEN,2010,76.6
KEN,2011,76.6
KEN,2012,76.7
KEN,2013,76.6
KGZ,1995,92.6
KGZ,1996,93.2
KGZ,1997,92.8
KGZ,1998,96.5
KGZ,1999,89.1
KGZ,2000,89.3
KGZ,2001,90.6
KGZ,2002,91.0
KGZ,2003,93.0
KGZ,2004,94.3
KGZ,2005,94.7
KGZ,2006,93.8
KGZ,2007,92.7
KGZ,2008,87.2
KGZ,2009,88.5
KGZ,2010,87.3
KGZ,2011,86.0
KGZ,2012,88.5
KGZ,2013,88.8
KHM,1995,99.3
KHM,1996,99.2
KHM,1997,99.3
KHM,1998,99.2
KHM,1999,99.3
KHM,2000,99.4
KHM,2001,99.4
KHM,2002,99.3
KHM,2003,99.3
KHM,2004,99.2
KHM,2005,99.3
KHM,2006,99.1
KHM,2007,98.8
KHM,2008,75.9
KHM,2009,75.9
KHM,2010,79.5
KHM,2011,80.3
KHM,2012,75.0
KHM,2013,75.1
KIR,1995,2.5
KIR,1996,2.5
KIR,1997,2.5
KIR,1998,2.5
KIR,1999,2.5
KIR,2000,2.5
KIR,2001,2.5
KIR,2002,2.5
KIR,2003,2.5
KIR,2004,2.5
KIR,2005,2.5
KIR,2006,0.9
KIR,2007,0.6
KIR,2008,0.6
KIR,2009,0.6
KIR,2010,0.5
KIR,2011,0.5
KIR,2012,0.5
KIR,2013,0.5
KNA,1995,94.9
KNA,1996,94.0
KNA,1997,94.9
KNA,1998,94.9
KNA,1999,94.7
KNA,2000,94.2
KNA,2001,94.7
KNA,2002,94.1
KNA,2003,94.5
KNA,2004,95.0
KNA,2005,94.9
KNA,2006,94.6
KNA,2007,94.3
KNA,2008,93.0
KNA,2009,92.6
KNA,2010,91.0
KNA,2011,88.8
KNA,2012,88.8
KNA,2013,88.5
KOR,1995,85.0
KOR,1996,84.8
KOR,1997,83.4
KOR,1998,81.4
KOR,1999,82.5
KOR,2000,80.6
KOR,2001,80.1
KOR,2002,80.4
KOR,2003,80.0
KOR,2004,80.7
KOR,2005,80.4
KOR,2006,80.4
KOR,2007,79.4
KOR,2008,78.8
KOR,2009,78.9
KOR,2010,78.5
KOR,2011,79.7
KOR,2012,78.8
KOR,2013,78.6
KWT,1995,93.8
KWT,1996,93.8
KWT,1997,93.8
KWT,1998,93.8
KWT,1999,93.0
KWT,2000,93.0
KWT,2001,93.0
KWT,2002,93.0
KWT,2003,90.4
KWT,2004,90.4
KWT,2005,90.4
KWT,2006,90.4
KWT,2007,90.4
KWT,2008,90.4
KWT,2009,90.4
KWT,2010,90.4
KWT,2011,90.4
KWT,2012,90.4
KWT,2013,90.4
LAO,1995,89.0
LAO,1996,91.0
LAO,1997,90.5
LAO,1998,90.5
LAO,1999,91.8
LAO,2000,91.8
LAO,2001,67.4
LAO,2002,69.2
LAO,2003,75.0
LAO,2004,75.0
LAO,2005,75.3
LAO,2006,75.3
LAO,2007,75.3
LAO,2008,55.2
LAO,2009,59.4
LAO,2010,78.2
LAO,2011,83.6
LAO,2012,83.6
LAO,2013,78.8
LBN,1995,81.7
LBN,1996,81.7
LBN,1997,81.3
LBN,1998,82.3
LBN,1999,81.5
LBN,2000,80.7
LBN,2001,79.7
LBN,2002,78.5
LBN,2003,77.3
LBN,2004,75.9
LBN,2005,77.2
LBN,2006,75.2
LBN,2007,73.5
LBN,2008,71.9
LBN,2009,71.7
LBN,2010,71.7
LBN,2011,73.6
LBN,2012,69.5
LBN,2013,69.5
LBR,1998,50.3
LBR,1999,50.3
LBR,2000,50.3
LBR,2001,50.6
LBR,2002,50.2
LBR,2003,46.1
LBR,2004,51.6
LBR,2005,51.7
LBR,2006,52.5
LBR,2007,52.1
LBR,2008,52.2
LBR,2009,28.5
LBR,2010,32.9
LBR,2011,37.1
LBR,2012,40.6
LBR,2013,40.6
LBY,1995,100.0
LBY,1996,100.0
LBY,1997,100.0
LBY,1998,100.0
LBY,1999,100.0
LBY,2000,100.0
LBY,2001,100.0
LBY,2002,100.0
LBY,2003,100.0
LBY,2004,100.0
LBY,2005,100.0
LBY,2006,100.0
LBY,2007,100.0
LBY,2008,100.0
LBY,2009,100.0
LBY,2010,100.0
LBY,2011,100.0
LBY,2012,100.0
LBY,2013,100.0
LCA,1995,97.0
LCA,1996,97.3
LCA,1997,97.4
LCA,1998,97.6
LCA,1999,98.0
LCA,2000,98.1
LCA,2001,98.2
LCA,2002,98.3
LCA,2003,98.3
LCA,2004,98.6
LCA,2005,98.6
LCA,2006,98.3
LCA,2007,98.3
LCA,2008,98.4
LCA,2009,98.6
LCA,2010,98.6
LCA,2011,98.6
LCA,2012,98.7
LCA,2013,94.9
LKA,1995,85.9
LKA,1996,87.6
LKA,1997,85.9
LKA,1998,85.9
LKA,1999,84.5
LKA,2000,80.8
LKA,2001,82.3
LKA,2002,81.1
LKA,2003,81.4
LKA,2004,82.7
LKA,2005,82.5
LKA,2006,82.2
LKA,2007,81.1
LKA,2008,81.1
LKA,2009,80.8
LKA,2010,81.9
LKA,2011,83.0
LKA,2012,83.0
LKA,2013,83.0
LSO,1995,80.6
LSO,1996,79.7
LSO,1997,77.1
LSO,1998,71.6
LSO,1999,71.3
LSO,2000,71.1
LSO,2001,71.9
LSO,2002,69.0
LSO,2003,69.0
LSO,2004,69.0
LSO,2005,69.0
LSO,2006,69.0
LSO,2007,69.0
LSO,2008,69.0
LSO,2009,69.0
LSO,2010,69.0
LSO,2011,69.0
LSO,2012,69.0
LSO,2013,69.0
LTU,1995,86.6
LTU,1996,88.5
LTU,1997,89.0
LTU,1998,95.7
LTU,1999,99.6
LTU,2000,86.2
LTU,2001,97.0
LTU,2002,98.2
LTU,2003,96.6
LTU,2004,98.4
LTU,2005,98.5
LTU,2006,98.4
LTU,2007,98.3
LTU,2008,98.0
LTU,2009,97.4
LTU,2010,97.8
LTU,2011,97.7
LTU,2012,97.6
LTU,2013,97.6
LUX,1995,81.9
LUX,1996,100.0
LUX,1997,99.2
LUX,1998,100.0
LUX,1999,72.1
LUX,2000,79.0
LUX,2001,79.1
LUX,2002,81.7
LUX,2003,77.5
LUX,2004,76.6
LUX,2005,76.9
LUX,2006,77.6
LUX,2007,65.2
LUX,2008,79.4
LUX,2009,69.3
LUX,2010,67.7
LUX,2011,71.7
LUX,2012,66.3
LUX,2013,66.2
LVA,1995,100.0
LVA,1996,98.2
LVA,1997,97.9
LVA,1998,97.2
LVA,1999,97.2
LVA,2000,96.8
LVA,2001,95.3
LVA,2002,94.4
LVA,2003,96.8
LVA,2004,93.7
LVA,2005,94.8
LVA,2006,90.4
LVA,2007,88.9
LVA,2008,89.2
LVA,2009,87.2
LVA,2010,93.5
LVA,2011,94.1
LVA,2012,95.7
LVA,2013,95.7
MAR,1995,77.8
MAR,1996,77.5
MAR,1997,77.1
MAR,1998,76.8
MAR,1999,76.7
MAR,2000,76.6
MAR,2001,76.4
MAR,2002,81.7
MAR,2003,81.7
MAR,2004,81.4
MAR,2005,83.5
MAR,2006,86.3
MAR,2007,87.4
MAR,2008,87.2
MAR,2009,87.8
MAR,2010,88.3
MAR,2011,88.3
MAR,2012,88.3
MAR,2013,88.3
MCO,1995,67.0
MCO,1996,67.1
MCO,1997,64.8
MCO,1998,58.7
MCO,1999,56.2
MCO,2000,54.3
MCO,2001,55.5
MCO,2002,54.6
MCO,2003,58.9
MCO,2004,58.6
MCO,2005,59.3
MCO,2006,58.2
MCO,2007,55.3
MCO,2008,57.0
MCO,2009,60.5
MCO,2010,61.1
MCO,2011,60.1
MCO,2012,60.7
MCO,2013,59.1
MDA,1995,76.5
MDA,1996,79.1
MDA,1997,78.9
MDA,1998,83.1
MDA,1999,86.2
MDA,2000,83.3
MDA,2001,95.1
MDA,2002,89.2
MDA,2003,84.8
MDA,2004,79.6
MDA,2005,82.1
MDA,2006,82.9
MDA,2007,83.3
MDA,2008,85.4
MDA,2009,84.8
MDA,2010,82.8
MDA,2011,82.8
MDA,2012,82.8
MDA,2013,82.6
MDG,1995,76.8
MDG,1996,76.8
MDG,1997,76.8
MDG,1998,76.7
MDG,1999,76.6
MDG,2000,76.6
MDG,2001,76.2
MDG,2002,76.7
MDG,2003,76.7
MDG,2004,78.1
MDG,2005,80.2
MDG,2006,80.1
MDG,2007,80.0
MDG,2008,79.7
MDG,2009,80.1
MDG,2010,86.0
MDG,2011,82.1
MDG,2012,80.5
MDG,2013,80.3
MDV,1995,36.1
MDV,1996,47.7
MDV,1997,47.0
MDV,1998,49.4
MDV,1999,48.5
MDV,2000,54.5
MDV,2001,54.3
MDV,2002,55.2
MDV,2003,71.9
MDV,2004,74.2
MDV,2005,73.4
MDV,2006,73.2
MDV,2007,72.1
MDV,2008,71.6
MDV,2009,71.6
MDV,2010,71.6
MDV,2011,88.3
MDV,2012,88.3
MDV,2013,88.3
MEX,1995,97.0
MEX,1996,96.6
MEX,1997,96.0
MEX,1998,95.9
MEX,1999,95.9
MEX,2000,95.3
MEX,2001,95.0
MEX,2002,94.9
MEX,2003,94.7
MEX,2004,94.7
MEX,2005,94.0
MEX,2006,93.6
MEX,2007,93.1
MEX,2008,92.9
MEX,2009,92.3
MEX,2010,92.2
MEX,2011,91.6
MEX,2012,91.5
MEX,2013,91.5
MHL,1995,75.2
MHL,1996,75.2
MHL,1997,75.2
MHL,1998,75.2
MHL,1999,75.2
MHL,2000,75.2
MHL,2001,75.2
MHL,2002,75.2
MHL,2003,75.2
MHL,2004,75.2
MHL,2005,75.2
MHL,2006,75.2
MHL,2007,75.2
MHL,2008,75.2
MHL,2009,75.2
MHL,2010,75.2
MHL,2011,75.2
MHL,2012,75.2
MHL,2013,75.2
MKD,1995,100.0
MKD,1996,100.0
MKD,1997,100.0
MKD,1998,100.0
MKD,1999,100.0
MKD,2000,100.0
MKD,2001,100.0
MKD,2002,100.0
MKD,2003,100.0
MKD,2004,100.0
MKD,2005,100.0
MKD,2006,100.0
MKD,2007,100.0
MKD,2008,100.0
MKD,2009,100.0
MKD,2010,100.0
MKD,2011,100.0
MKD,2012,100.0
MKD,2013,100.0
MLI,1995,100.0
MLI,1996,100.0
MLI,1997,100.0
MLI,1998,100.0
MLI,1999,99.7
MLI,2000,99.1
MLI,2001,99.9
MLI,2002,99.6
MLI,2003,98.6
MLI,2004,99.5
MLI,2005,99.5
MLI,2006,99.5
MLI,2007,99.6
MLI,2008,99.2
MLI,2009,99.3
MLI,2010,99.6
MLI,2011,99.6
MLI,2012,99.6
MLI,2013,99.6
MLT,1995,95.8
MLT,1996,96.2
MLT,1997,96.4
MLT,1998,96.6
MLT,1999,96.8
MLT,2000,96.9
MLT,2001,96.0
MLT,2002,96.3
MLT,2003,94.7
MLT,2004,92.5
MLT,2005,93.4
MLT,2006,93.8
MLT,2007,93.7
MLT,2008,93.7
MLT,2009,92.7
MLT,2010,92.9
MLT,2011,100.0
MLT,2012,93.0
MLT,2013,93.0
MMR,1995,99.9
MMR,1996,99.4
MMR,1997,99.6
MMR,1998,100.0
MMR,1999,100.0
MMR,2000,100.0
MMR,2001,99.9
MMR,2002,98.8
MMR,2003,98.6
MMR,2004,98.6
MMR,2005,99.6
MMR,2006,95.3
MMR,2007,95.6
MMR,2008,95.7
MMR,2009,92.7
MMR,2010,90.7
MMR,2011,93.7
MMR,2012,93.7
MMR,2013,93.7
MNE,1995,100.0
MNE,1996,100.0
MNE,1997,100.0
MNE,1998,100.0
MNE,1999,100.0
MNE,2000,100.0
MNE,2001,100.0
MNE,2002,100.0
MNE,2003,100.0
MNE,2004,100.0
MNE,2005,100.0
MNE,2006,100.0
MNE,2007,100.0
MNE,2008,100.0
MNE,2009,100.0
MNE,2010,100.0
MNE,2011,100.0
MNE,2012,100.0
MNE,2013,100.0
MNG,1995,66.3
MNG,1996,77.7
MNG,1997,63.2
MNG,1998,71.7
MNG,1999,64.3
MNG,2000,66.9
MNG,2001,66.6
MNG,2002,79.2
MNG,2003,93.6
MNG,2004,93.6
MNG,2005,93.6
MNG,2006,93.6
MNG,2007,93.6
MNG,2008,93.0
MNG,2009,93.1
MNG,2010,93.1
MNG,2011,93.1
MNG,2012,93.1
MNG,2013,93.1
MOZ,1995,36.6
MOZ,1996,41.5
MOZ,1997,39.8
MOZ,1998,43.7
MOZ,1999,41.6
MOZ,2000,40.6
MOZ,2001,41.5
MOZ,2002,35.8
MOZ,2003,32.8
MOZ,2004,32.1
MOZ,2005,27.3
MOZ,2006,26.3
MOZ,2007,19.6
MOZ,2008,13.1
MOZ,2009,13.3
MOZ,2010,17.5
MOZ,2011,12.0
MOZ,2012,14.9
MOZ,2013,11.9
MRT,1995,94.6
MRT,1996,94.6
MRT,1997,94.6
MRT,1998,94.6
MRT,1999,94.6
MRT,2000,94.6
MRT,2001,94.6
MRT,2002,94.6
MRT,2003,94.6
MRT,2004,94.5
MRT,2005,94.5
MRT,2006,94.3
MRT,2007,94.4
MRT,2008,94.5
MRT,2009,93.1
MRT,2010,92.0
MRT,2011,90.7
MRT,2012,90.7
MRT,2013,90.7
MUS,1995,74.0
MUS,1996,73.8
MUS,1997,73.7
MUS,1998,73.5
MUS,1999,73.0
MUS,2000,74.6
MUS,2001,74.0
MUS,2002,74.8
MUS,2003,80.8
MUS,2004,80.8
MUS,2005,84.6
MUS,2006,86.6
MUS,2007,88.0
MUS,2008,90.7
MUS,2009,91.1
MUS,2010,91.3
MUS,2011,91.3
MUS,2012,91.4
MUS,2013,91.4
MWI,1995,46.5
MWI,1996,46.3
MWI,1997,43.8
MWI,1998,40.1
MWI,1999,38.4
MWI,2000,40.6
MWI,2001,42.6
MWI,2002,41.7
MWI,2003,42.3
MWI,2004,35.1
MWI,2005,33.8
MWI,2006,28.3
MWI,2007,48.5
MWI,2008,48.5
MWI,2009,53.5
MWI,2010,27.5
MWI,2011,20.2
MWI,2012,23.3
MWI,2013,23.3
MYS,1995,75.0
MYS,1996,75.0
MYS,1997,75.0
MYS,1998,74.1
MYS,1999,74.3
MYS,2000,76.3
MYS,2001,73.8
MYS,2002,73.8
MYS,2003,75.1
MYS,2004,77.3
MYS,2005,78.3
MYS,2006,79.3
MYS,2007,78.4
MYS,2008,78.5
MYS,2009,76.3
MYS,2010,76.8
MYS,2011,77.8
MYS,2012,78.0
MYS,2013,79.9
NAM,1995,21.8
NAM,1996,21.8
NAM,1997,21.9
NAM,1998,21.9
NAM,1999,21.3
NAM,2000,18.2
NAM,2001,6.8
NAM,2002,9.4
NAM,2003,11.8
NAM,2004,7.4
NAM,2005,7.3
NAM,2006,5.7
NAM,2007,18.7
NAM,2008,17.9
NAM,2009,17.9
NAM,2010,17.9
NAM,2011,17.9
NAM,2012,17.9
NAM,2013,17.9
NER,1995,87.7
NER,1996,87.6
NER,1997,87.7
NER,1998,87.8
NER,1999,87.8
NER,2000,87.5
NER,2001,87.9
NER,2002,87.6
NER,2003,87.6
NER,2004,86.6
NER,2005,92.3
NER,2006,90.4
NER,2007,90.3
NER,2008,91.8
NER,2009,91.0
NER,2010,90.9
NER,2011,89.2
NER,2012,89.9
NER,2013,83.9
NGA,1995,94.5537
NGA,1996,94.73761999999999
NGA,1997,94.59125
NGA,1998,95.00005
NGA,1999,94.75631
NGA,2000,92.65477
NGA,2001,91.39142
NGA,2002,90.42859
NGA,2003,96.21695
NGA,2004,95.33733000000001
NGA,2005,95.79992
NGA,2006,95.62363
NGA,2007,95.829
NGA,2008,95.65731
NGA,2009,95.80051
NGA,2010,95.67820999999999
NGA,2011,95.66686
NGA,2012,95.53905
NGA,2013,95.7656
NIC,1995,98.5
NIC,1996,98.8
NIC,1997,97.6
NIC,1998,98.0
NIC,1999,95.6
NIC,2000,91.6
NIC,2001,91.4
NIC,2002,95.5
NIC,2003,88.7
NIC,2004,92.0
NIC,2005,91.6
NIC,2006,93.0
NIC,2007,93.0
NIC,2008,93.0
NIC,2009,92.6
NIC,2010,92.6
NIC,2011,92.4
NIC,2012,85.6
NIC,2013,86.5
NIU,1995,100.0
NIU,1996,100.0
NIU,1997,100.0
NIU,1998,100.0
NIU,1999,100.0
NIU,2000,100.0
NIU,2001,100.0
NIU,2002,100.0
NIU,2003,100.0
NIU,2004,100.0
NIU,2005,100.0
NIU,2006,100.0
NIU,2007,100.0
NIU,2008,100.0
NIU,2009,100.0
NIU,2010,100.0
NIU,2011,100.0
NIU,2012,100.0
NIU,2013,100.0
NLD,1995,33.3
NLD,1996,24.0
NLD,1997,23.8
NLD,1998,23.6
NLD,1999,24.1
NLD,2000,24.3
NLD,2001,23.4
NLD,2002,21.4
NLD,2003,23.8
NLD,2004,22.8
NLD,2005,26.8
NLD,2006,42.9
NLD,2007,42.3
NLD,2008,44.2
NLD,2009,40.9
NLD,2010,41.3
NLD,2011,41.2
NLD,2012,41.9
NLD,2013,41.7
NOR,1995,96.5
NOR,1996,96.5
NOR,1997,95.4
NOR,1998,95.3
NOR,1999,95.4
NOR,2000,95.5
NOR,2001,95.7
NOR,2002,95.4
NOR,2003,95.3
NOR,2004,95.3
NOR,2005,95.1
NOR,2006,95.2
NOR,2007,94.8
NOR,2008,95.5
NOR,2009,94.8
NOR,2010,95.0
NOR,2011,95.1
NOR,2012,94.9
NOR,2013,95.9
NPL,1995,94.6
NPL,1996,94.3
NPL,1997,93.8
NPL,1998,92.9
NPL,1999,92.4
NPL,2000,91.2
NPL,2001,91.1
NPL,2002,88.7
NPL,2003,89.5
NPL,2004,75.4
NPL,2005,72.9
NPL,2006,72.8
NPL,2007,82.9
NPL,2008,83.6
NPL,2009,81.3
NPL,2010,83.6
NPL,2011,83.6
NPL,2012,81.4
NPL,2013,81.4
NRU,1995,58.4
NRU,1996,58.4
NRU,1997,58.4
NRU,1998,58.4
NRU,1999,58.4
NRU,2000,58.4
NRU,2001,58.4
NRU,2002,58.4
NRU,2003,58.4
NRU,2004,58.4
NRU,2005,58.4
NRU,2006,58.4
NRU,2007,56.0
NRU,2008,51.2
NRU,2009,45.2
NRU,2010,37.5
NRU,2011,27.3
NRU,2012,13.0
NRU,2013,13.0
NZL,1995,70.7
NZL,1996,69.9
NZL,1997,68.8
NZL,1998,70.8
NZL,1999,70.7
NZL,2000,69.9
NZL,2001,72.0
NZL,2002,72.6
NZL,2003,72.6
NZL,2004,69.3
NZL,2005,69.2
NZL,2006,69.4
NZL,2007,65.1
NZL,2008,65.5
NZL,2009,62.6
NZL,2010,62.6
NZL,2011,63.2
NZL,2012,62.8
NZL,2013,62.8
OMN,1995,63.2
OMN,1996,63.0
OMN,1997,63.0
OMN,1998,64.4
OMN,1999,65.0
OMN,2000,64.4
OMN,2001,62.8
OMN,2002,61.6
OMN,2003,61.9
OMN,2004,61.8
OMN,2005,59.9
OMN,2006,59.8
OMN,2007,60.7
OMN,2008,60.0
OMN,2009,62.6
OMN,2010,61.0
OMN,2011,59.3
OMN,2012,61.4
OMN,2013,61.4
PAK,1995,98.2
PAK,1996,98.2
PAK,1997,98.2
PAK,1998,82.3
PAK,1999,82.7
PAK,2000,81.0
PAK,2001,78.6
PAK,2002,78.9
PAK,2003,81.1
PAK,2004,82.5
PAK,2005,86.3
PAK,2006,89.8
PAK,2007,89.0
PAK,2008,88.3
PAK,2009,88.5
PAK,2010,88.7
PAK,2011,88.7
PAK,2012,86.8
PAK,2013,86.8
PAN,1995,84.1
PAN,1996,86.2
PAN,1997,83.7
PAN,1998,83.3
PAN,1999,81.9
PAN,2000,81.3
PAN,2001,82.3
PAN,2002,81.6
PAN,2003,82.2
PAN,2004,81.5
PAN,2005,80.9
PAN,2006,80.6
PAN,2007,83.0
PAN,2008,83.6
PAN,2009,83.6
PAN,2010,83.6
PAN,2011,83.9
PAN,2012,79.0
PAN,2013,78.7
PER,1995,85.9
PER,1996,86.1
PER,1997,85.7
PER,1998,83.8
PER,1999,81.2
PER,2000,83.4
PER,2001,82.6
PER,2002,81.8
PER,2003,78.0
PER,2004,83.0
PER,2005,82.3
PER,2006,85.2
PER,2007,86.2
PER,2008,86.6
PER,2009,85.7
PER,2010,85.4
PER,2011,85.4
PER,2012,84.6
PER,2013,84.6
PHL,1995,82.7
PHL,1996,81.8
PHL,1997,81.6
PHL,1998,81.1
PHL,1999,77.6
PHL,2000,77.2
PHL,2001,78.6
PHL,2002,78.0
PHL,2003,78.4
PHL,2004,78.6
PHL,2005,84.3
PHL,2006,85.3
PHL,2007,85.0
PHL,2008,84.7
PHL,2009,83.7
PHL,2010,83.6
PHL,2011,83.0
PHL,2012,82.8
PHL,2013,82.9
PLW,1995,81.1
PLW,1996,81.2
PLW,1997,81.4
PLW,1998,80.6
PLW,1999,78.0
PLW,2000,73.4
PLW,2001,69.8
PLW,2002,61.4
PLW,2003,60.7
PLW,2004,55.3
PLW,2005,52.6
PLW,2006,51.4
PLW,2007,46.1
PLW,2008,46.1
PLW,2009,46.1
PLW,2010,46.2
PLW,2011,46.2
PLW,2012,46.2
PLW,2013,46.2
PNG,1995,46.3
PNG,1996,46.5
PNG,1997,46.8
PNG,1998,46.9
PNG,1999,48.7
PNG,2000,56.0
PNG,2001,55.9
PNG,2002,55.9
PNG,2003,55.9
PNG,2004,55.9
PNG,2005,55.9
PNG,2006,55.9
PNG,2007,55.9
PNG,2008,55.9
PNG,2009,55.9
PNG,2010,55.9
PNG,2011,55.9
PNG,2012,55.9
PNG,2013,55.9
POL,1995,100.0
POL,1996,100.0
POL,1997,100.0
POL,1998,100.0
POL,1999,100.0
POL,2000,100.0
POL,2001,100.0
POL,2002,88.2
POL,2003,88.0
POL,2004,89.6
POL,2005,85.3
POL,2006,85.4
POL,2007,83.2
POL,2008,81.0
POL,2009,80.6
POL,2010,78.3
POL,2011,76.2
POL,2012,75.0
POL,2013,75.0
PRT,1995,64.0
PRT,1996,67.2
PRT,1997,66.7
PRT,1998,69.8
PRT,1999,73.0
PRT,2000,72.8
PRT,2001,72.9
PRT,2002,73.8
PRT,2003,74.6
PRT,2004,73.4
PRT,2005,74.5
PRT,2006,76.1
PRT,2007,76.4
PRT,2008,77.5
PRT,2009,77.3
PRT,2010,74.5
PRT,2011,75.2
PRT,2012,76.2
PRT,2013,75.4
PRY,1995,90.4
PRY,1996,89.2
PRY,1997,85.3
PRY,1998,86.5
PRY,1999,83.7
PRY,2000,86.6
PRY,2001,84.9
PRY,2002,85.6
PRY,2003,84.9
PRY,2004,85.2
PRY,2005,87.1
PRY,2006,87.6
PRY,2007,89.5
PRY,2008,89.2
PRY,2009,91.3
PRY,2010,91.5
PRY,2011,91.4
PRY,2012,91.4
PRY,2013,92.0
QAT,1995,92.7
QAT,1996,91.1
QAT,1997,90.2
QAT,1998,89.4
QAT,1999,88.4
QAT,2000,100.0
QAT,2001,100.0
QAT,2002,100.0
QAT,2003,100.0
QAT,2004,100.0
QAT,2005,100.0
QAT,2006,100.0
QAT,2007,100.0
QAT,2008,100.0
QAT,2009,73.3
QAT,2010,71.0
QAT,2011,63.8
QAT,2012,52.2
QAT,2013,52.2
ROU,1995,100.0
ROU,1996,100.0
ROU,1997,100.0
ROU,1998,100.0
ROU,1999,100.0
ROU,2000,100.0
ROU,2001,100.0
ROU,2002,100.0
ROU,2003,97.4
ROU,2004,96.8
ROU,2005,96.4
ROU,2006,98.2
ROU,2007,97.4
ROU,2008,98.1
ROU,2009,98.0
ROU,2010,98.2
ROU,2011,97.8
ROU,2012,97.0
ROU,2013,97.0
RUS,1995,64.7
RUS,1996,63.2
RUS,1997,61.9
RUS,1998,65.9
RUS,1999,72.1
RUS,2000,74.7
RUS,2001,73.7
RUS,2002,75.2
RUS,2003,79.7
RUS,2004,82.2
RUS,2005,82.4
RUS,2006,81.5
RUS,2007,83.0
RUS,2008,89.8
RUS,2009,90.9
RUS,2010,91.4
RUS,2011,91.8
RUS,2012,92.0
RUS,2013,92.4
RWA,1995,41.3
RWA,1996,41.2
RWA,1997,41.2
RWA,1998,41.2
RWA,1999,41.0
RWA,2000,40.7
RWA,2001,46.0
RWA,2002,51.7
RWA,2003,36.8
RWA,2004,40.9
RWA,2005,43.7
RWA,2006,44.3
RWA,2007,44.6
RWA,2008,45.1
RWA,2009,45.7
RWA,2010,44.6
RWA,2011,45.1
RWA,2012,45.6
RWA,2013,44.6
SAU,1995,72.3
SAU,1996,71.5
SAU,1997,71.0
SAU,1998,72.0
SAU,1999,69.0
SAU,2000,66.1
SAU,2001,65.7
SAU,2002,66.7
SAU,2003,65.0
SAU,2004,64.2
SAU,2005,60.6
SAU,2006,62.3
SAU,2007,62.0
SAU,2008,60.0
SAU,2009,62.1
SAU,2010,58.1
SAU,2011,56.2
SAU,2012,54.3
SAU,2013,55.3
SDN,1995,92.8
SDN,1996,92.9
SDN,1997,92.8
SDN,1998,93.0
SDN,1999,92.8
SDN,2000,91.0
SDN,2001,91.2
SDN,2002,91.3
SDN,2003,91.7
SDN,2004,92.0
SDN,2005,91.4
SDN,2006,93.2
SDN,2007,94.6
SDN,2008,95.8
SDN,2009,95.9
SDN,2010,95.5
SDN,2011,95.6
SDN,2012,96.1
SDN,2013,96.1
SEN,1995,95.1
SEN,1996,93.7
SEN,1997,93.2
SEN,1998,92.7
SEN,1999,92.5
SEN,2000,91.6
SEN,2001,91.1
SEN,2002,90.4
SEN,2003,89.7
SEN,2004,88.5
SEN,2005,77.4
SEN,2006,76.7
SEN,2007,78.4
SEN,2008,76.0
SEN,2009,77.4
SEN,2010,77.4
SEN,2011,77.4
SEN,2012,77.4
SEN,2013,77.4
SGP,1995,96.9
SGP,1996,96.5
SGP,1997,96.3
SGP,1998,95.6
SGP,1999,95.3
SGP,2000,95.7
SGP,2001,94.9
SGP,2002,95.6
SGP,2003,93.4
SGP,2004,93.3
SGP,2005,95.1
SGP,2006,95.4
SGP,2007,95.0
SGP,2008,94.9
SGP,2009,94.6
SGP,2010,94.2
SGP,2011,93.9
SGP,2012,93.7
SGP,2013,94.3
SLB,1995,55.9
SLB,1996,55.9
SLB,1997,55.9
SLB,1998,55.9
SLB,1999,55.9
SLB,2000,56.7
SLB,2001,56.7
SLB,2002,56.7
SLB,2003,56.7
SLB,2004,56.7
SLB,2005,56.7
SLB,2006,56.7
SLB,2007,56.7
SLB,2008,56.7
SLB,2009,56.7
SLB,2010,56.7
SLB,2011,56.7
SLB,2012,56.7
SLB,2013,56.7
SLE,1995,92.8
SLE,1996,92.6
SLE,1997,93.4
SLE,1998,93.3
SLE,1999,92.3
SLE,2000,92.9
SLE,2001,94.7
SLE,2002,94.7
SLE,2003,94.9
SLE,2004,91.0
SLE,2005,83.8
SLE,2006,88.2
SLE,2007,94.1
SLE,2008,96.4
SLE,2009,75.9
SLE,2010,86.2
SLE,2011,82.4
SLE,2012,76.1
SLE,2013,71.6
SLV,1995,98.8
SLV,1996,97.5
SLV,1997,97.3
SLV,1998,96.7
SLV,1999,94.6
SLV,2000,94.6
SLV,2001,93.1
SLV,2002,93.4
SLV,2003,93.3
SLV,2004,92.5
SLV,2005,91.7
SLV,2006,88.9
SLV,2007,89.0
SLV,2008,88.8
SLV,2009,87.9
SLV,2010,88.6
SLV,2011,88.0
SLV,2012,87.1
SLV,2013,85.4
SMR,1995,95.3
SMR,1996,95.2
SMR,1997,95.0
SMR,1998,94.4
SMR,1999,94.6
SMR,2000,94.7
SMR,2001,94.8
SMR,2002,94.7
SMR,2003,95.6
SMR,2004,95.3
SMR,2005,95.6
SMR,2006,95.7
SMR,2007,95.7
SMR,2008,95.7
SMR,2009,95.7
SMR,2010,95.7
SMR,2011,95.7
SMR,2012,95.7
SMR,2013,95.7
SRB,1995,83.5
SRB,1996,83.7
SRB,1997,83.2
SRB,1998,84.3
SRB,1999,84.3
SRB,2000,83.7
SRB,2001,84.9
SRB,2002,85.1
SRB,2003,86.0
SRB,2004,87.7
SRB,2005,88.0
SRB,2006,89.0
SRB,2007,90.2
SRB,2008,92.4
SRB,2009,92.2
SRB,2010,95.5
SRB,2011,95.5
SRB,2012,95.6
SRB,2013,96.0
SSD,2008,96.5
SSD,2009,96.4
SSD,2010,96.3
SSD,2011,94.8
SSD,2012,92.7
SSD,2013,92.3
STP,1995,71.8
STP,1996,70.2
STP,1997,65.1
STP,1998,75.8
STP,1999,71.1
STP,2000,76.1
STP,2001,64.3
STP,2002,58.5
STP,2003,62.0
STP,2004,62.0
STP,2005,73.6
STP,2006,77.9
STP,2007,78.3
STP,2008,84.2
STP,2009,79.0
STP,2010,87.6
STP,2011,85.2
STP,2012,75.5
STP,2013,84.2
SUR,1995,19.5
SUR,1996,13.9
SUR,1997,30.5
SUR,1998,46.1
SUR,1999,49.5
SUR,2000,44.0
SUR,2001,53.4
SUR,2002,44.0
SUR,2003,39.8
SUR,2004,31.9
SUR,2005,30.2
SUR,2006,23.6
SUR,2007,27.1
SUR,2008,27.1
SUR,2009,27.1
SUR,2010,27.1
SUR,2011,27.1
SUR,2012,54.0
SUR,2013,49.4
SVK,1995,100.0
SVK,1996,100.0
SVK,1997,100.0
SVK,1998,100.0
SVK,1999,100.0
SVK,2000,100.0
SVK,2001,100.0
SVK,2002,100.0
SVK,2003,100.0
SVK,2004,73.1
SVK,2005,88.1
SVK,2006,81.9
SVK,2007,79.1
SVK,2008,78.3
SVK,2009,74.5
SVK,2010,68.0
SVK,2011,77.9
SVK,2012,73.9
SVK,2013,73.9
SVN,1995,50.3
SVN,1996,49.5
SVN,1997,46.7
SVN,1998,48.4
SVN,1999,50.8
SVN,2000,44.1
SVN,2001,39.2
SVN,2002,43.2
SVN,2003,41.9
SVN,2004,43.8
SVN,2005,46.2
SVN,2006,42.4
SVN,2007,47.0
SVN,2008,46.5
SVN,2009,45.5
SVN,2010,47.4
SVN,2011,44.4
SVN,2012,41.7
SVN,2013,42.7
SWE,1995,99.9
SWE,1996,99.9
SWE,1997,99.8
SWE,1998,95.7
SWE,1999,93.8
SWE,2000,91.1
SWE,2001,87.9
SWE,2002,87.4
SWE,2003,88.4
SWE,2004,87.5
SWE,2005,88.6
SWE,2006,88.2
SWE,2007,88.5
SWE,2008,88.5
SWE,2009,88.7
SWE,2010,88.4
SWE,2011,88.0
SWE,2012,88.1
SWE,2013,88.1
SWZ,1995,31.4
SWZ,1996,33.8
SWZ,1997,31.5
SWZ,1998,34.9
SWZ,1999,40.9
SWZ,2000,42.4
SWZ,2001,42.1
SWZ,2002,41.9
SWZ,2003,41.5
SWZ,2004,42.0
SWZ,2005,42.2
SWZ,2006,42.3
SWZ,2007,42.2
SWZ,2008,42.8
SWZ,2009,43.3
SWZ,2010,43.0
SWZ,2011,42.8
SWZ,2012,42.2
SWZ,2013,42.0
SYC,1995,99.1
SYC,1996,99.1
SYC,1997,99.1
SYC,1998,99.1
SYC,1999,99.1
SYC,2000,99.1
SYC,2001,98.9
SYC,2002,98.7
SYC,2003,98.5
SYC,2004,98.1
SYC,2005,97.2
SYC,2006,83.7
SYC,2007,72.9
SYC,2008,71.0
SYC,2009,67.7
SYC,2010,38.1
SYC,2011,88.2
SYC,2012,35.4
SYC,2013,36.8
SYR,1995,100.0
SYR,1996,100.0
SYR,1997,100.0
SYR,1998,100.0
SYR,1999,100.0
SYR,2000,100.0
SYR,2001,100.0
SYR,2002,100.0
SYR,2003,100.0
SYR,2004,100.0
SYR,2005,100.0
SYR,2006,100.0
SYR,2007,100.0
SYR,2008,100.0
SYR,2009,100.0
SYR,2010,100.0
SYR,2011,100.0
SYR,2012,100.0
SYR,2013,100.0
TCD,1995,96.5
TCD,1996,96.2
TCD,1997,96.2
TCD,1998,96.2
TCD,1999,96.2
TCD,2000,96.2
TCD,2001,96.2
TCD,2002,96.3
TCD,2003,96.2
TCD,2004,96.6
TCD,2005,96.6
TCD,2006,96.7
TCD,2007,96.7
TCD,2008,96.7
TCD,2009,96.7
TCD,2010,96.7
TCD,2011,96.7
TCD,2012,96.7
TCD,2013,96.7
TGO,1995,87.2
TGO,1996,87.3
TGO,1997,87.1
TGO,1998,86.4
TGO,1999,87.0
TGO,2000,88.2
TGO,2001,87.7
TGO,2002,84.6
TGO,2003,84.6
TGO,2004,84.6
TGO,2005,84.6
TGO,2006,84.6
TGO,2007,84.6
TGO,2008,84.6
TGO,2009,84.6
TGO,2010,84.6
TGO,2011,84.6
TGO,2012,84.6
TGO,2013,84.6
THA,1995,80.4
THA,1996,80.4
THA,1997,80.1
THA,1998,78.3
THA,1999,76.5
THA,2000,76.9
THA,2001,75.8
THA,2002,74.6
THA,2003,74.2
THA,2004,74.3
THA,2005,76.5
THA,2006,63.7
THA,2007,61.2
THA,2008,60.9
THA,2009,59.6
THA,2010,55.9
THA,2011,55.8
THA,2012,56.7
THA,2013,56.7
TJK,1995,99.2
TJK,1996,97.8
TJK,1997,97.2
TJK,1998,97.6
TJK,1999,97.0
TJK,2000,99.0
TJK,2001,99.2
TJK,2002,98.9
TJK,2003,97.5
TJK,2004,97.7
TJK,2005,97.2
TJK,2006,97.5
TJK,2007,93.8
TJK,2008,95.8
TJK,2009,90.3
TJK,2010,90.8
TJK,2011,86.0
TJK,2012,85.1
TJK,2013,86.7
TKM,1995,100.0
TKM,1996,100.0
TKM,1997,100.0
TKM,1998,100.0
TKM,1999,100.0
TKM,2000,100.0
TKM,2001,100.0
TKM,2002,100.0
TKM,2003,100.0
TKM,2004,100.0
TKM,2005,100.0
TKM,2006,100.0
TKM,2007,100.0
TKM,2008,100.0
TKM,2009,100.0
TKM,2010,100.0
TKM,2011,100.0
TKM,2012,100.0
TKM,2013,100.0
TLS,2000,11.7
TLS,2001,9.5
TLS,2002,9.5
TLS,2003,100.0
TLS,2004,100.0
TLS,2005,100.0
TLS,2006,100.0
TLS,2007,97.2
TLS,2008,97.8
TLS,2009,98.1
TLS,2010,98.5
TLS,2011,99.2
TLS,2012,99.4
TLS,2013,99.4
TON,1995,77.5
TON,1996,77.5
TON,1997,77.5
TON,1998,77.5
TON,1999,77.5
TON,2000,77.5
TON,2001,77.5
TON,2002,77.5
TON,2003,62.9
TON,2004,62.9
TON,2005,62.3
TON,2006,62.3
TON,2007,67.8
TON,2008,67.8
TON,2009,67.8
TON,2010,67.8
TON,2011,67.8
TON,2012,67.8
TON,2013,67.8
TTO,1995,87.2
TTO,1996,86.3
TTO,1997,86.3
TTO,1998,86.4
TTO,1999,86.9
TTO,2000,86.3
TTO,2001,86.3
TTO,2002,86.9
TTO,2003,90.0
TTO,2004,90.1
TTO,2005,82.7
TTO,2006,82.6
TTO,2007,81.7
TTO,2008,81.3
TTO,2009,83.7
TTO,2010,81.3
TTO,2011,79.5
TTO,2012,81.3
TTO,2013,81.7
TUN,1995,80.1
TUN,1996,85.0
TUN,1997,85.3
TUN,1998,85.0
TUN,1999,83.5
TUN,2000,80.1
TUN,2001,80.1
TUN,2002,80.2
TUN,2003,80.2
TUN,2004,83.5
TUN,2005,84.2
TUN,2006,85.5
TUN,2007,86.8
TUN,2008,86.9
TUN,2009,86.7
TUN,2010,81.8
TUN,2011,86.7
TUN,2012,86.7
TUN,2013,86.7
TUR,1995,100.0
TUR,1996,100.0
TUR,1997,99.6
TUR,1998,99.6
TUR,1999,74.8
TUR,2000,74.6
TUR,2001,71.6
TUR,2002,67.7
TUR,2003,65.7
TUR,2004,66.9
TUR,2005,70.8
TUR,2006,69.4
TUR,2007,67.8
TUR,2008,64.4
TUR,2009,73.9
TUR,2010,76.3
TUR,2011,75.5
TUR,2012,66.3
TUR,2013,66.3
TUV,1995,100.0
TUV,1996,100.0
TUV,1997,100.0
TUV,1998,100.0
TUV,1999,100.0
TUV,2000,100.0
TUV,2001,100.0
TUV,2002,100.0
TUV,2003,100.0
TUV,2004,100.0
TUV,2005,100.0
TUV,2006,100.0
TUV,2007,100.0
TUV,2008,100.0
TUV,2009,100.0
TUV,2010,100.0
TUV,2011,100.0
TUV,2012,100.0
TUV,2013,100.0
TZA,1995,83.5
TZA,1996,83.5
TZA,1997,83.5
TZA,1998,83.5
TZA,1999,83.5
TZA,2000,83.5
TZA,2001,85.7
TZA,2002,87.6
TZA,2003,87.3
TZA,2004,81.8
TZA,2005,70.3
TZA,2006,54.3
TZA,2007,41.7
TZA,2008,41.7
TZA,2009,41.7
TZA,2010,52.4
TZA,2011,52.3
TZA,2012,51.9
TZA,2013,52.1
UGA,1995,66.3
UGA,1996,66.3
UGA,1997,66.3
UGA,1998,61.5
UGA,1999,56.7
UGA,2000,51.8
UGA,2001,47.3
UGA,2002,44.0
UGA,2003,41.5
UGA,2004,48.2
UGA,2005,52.4
UGA,2006,55.3
UGA,2007,56.7
UGA,2008,57.8
UGA,2009,53.9
UGA,2010,64.9
UGA,2011,68.4
UGA,2012,69.1
UGA,2013,69.1
UKR,1995,92.2
UKR,1996,90.0
UKR,1997,91.5
UKR,1998,92.6
UKR,1999,92.2
UKR,2000,91.4
UKR,2001,91.5
UKR,2002,92.2
UKR,2003,92.8
UKR,2004,93.1
UKR,2005,92.5
UKR,2006,92.5
UKR,2007,90.8
UKR,2008,93.2
UKR,2009,93.3
UKR,2010,93.4
UKR,2011,93.6
UKR,2012,93.8
UKR,2013,94.0
URY,1995,23.3
URY,1996,27.7
URY,1997,31.0
URY,1998,27.7
URY,1999,33.2
URY,2000,31.2
URY,2001,30.9
URY,2002,30.6
URY,2003,32.6
URY,2004,32.4
URY,2005,32.1
URY,2006,31.1
URY,2007,29.9
URY,2008,33.8
URY,2009,46.7
URY,2010,46.9
URY,2011,48.3
URY,2012,50.8
URY,2013,57.0
USA,1995,26.4
USA,1996,26.0
USA,1997,26.4
USA,1998,26.7
USA,1999,26.4
USA,2000,26.2
USA,2001,25.4
USA,2002,24.6
USA,2003,24.3
USA,2004,24.1
USA,2005,24.0
USA,2006,23.7
USA,2007,23.6
USA,2008,23.5
USA,2009,23.1
USA,2010,22.8
USA,2011,22.7
USA,2012,22.4
USA,2013,22.3
UZB,1995,99.8
UZB,1996,99.8
UZB,1997,99.8
UZB,1998,99.7
UZB,1999,99.6
UZB,2000,99.7
UZB,2001,99.7
UZB,2002,99.7
UZB,2003,99.7
UZB,2004,94.0
UZB,2005,94.0
UZB,2006,94.0
UZB,2007,94.0
UZB,2008,94.0
UZB,2009,94.0
UZB,2010,94.0
UZB,2011,94.0
UZB,2012,94.0
UZB,2013,94.0
VCT,1995,100.0
VCT,1996,100.0
VCT,1997,100.0
VCT,1998,100.0
VCT,1999,100.0
VCT,2000,100.0
VCT,2001,100.0
VCT,2002,100.0
VCT,2003,100.0
VCT,2004,100.0
VCT,2005,100.0
VCT,2006,100.0
VCT,2007,100.0
VCT,2008,100.0
VCT,2009,100.0
VCT,2010,100.0
VCT,2011,100.0
VCT,2012,100.0
VCT,2013,100.0
VEN,1995,88.2
VEN,1996,89.6
VEN,1997,90.5
VEN,1998,91.4
VEN,1999,89.4
VEN,2000,90.9
VEN,2001,92.1
VEN,2002,92.6
VEN,2003,92.6
VEN,2004,91.0
VEN,2005,89.4
VEN,2006,88.0
VEN,2007,89.0
VEN,2008,90.6
VEN,2009,89.8
VEN,2010,90.4
VEN,2011,90.4
VEN,2012,90.4
VEN,2013,90.2
VNM,1995,95.1
VNM,1996,96.4
VNM,1997,97.1
VNM,1998,97.7
VNM,1999,95.5
VNM,2000,95.6
VNM,2001,94.1
VNM,2002,92.5
VNM,2003,92.6
VNM,2004,91.6
VNM,2005,91.9
VNM,2006,91.3
VNM,2007,90.8
VNM,2008,88.1
VNM,2009,87.4
VNM,2010,83.9
VNM,2011,83.2
VNM,2012,85.0
VNM,2013,85.0
VUT,1995,71.6
VUT,1996,71.6
VUT,1997,71.6
VUT,1998,71.6
VUT,1999,71.6
VUT,2000,71.6
VUT,2001,71.6
VUT,2002,71.6
VUT,2003,71.6
VUT,2004,71.6
VUT,2005,71.6
VUT,2006,64.6
VUT,2007,56.7
VUT,2008,56.7
VUT,2009,56.7
VUT,2010,56.7
VUT,2011,56.7
VUT,2012,56.7
VUT,2013,56.7
WSM,1995,84.6
WSM,1996,84.3
WSM,1997,85.5
WSM,1998,84.8
WSM,1999,85.5
WSM,2000,81.6
WSM,2001,84.3
WSM,2002,87.2
WSM,2003,92.0
WSM,2004,67.7
WSM,2005,68.5
WSM,2006,62.5
WSM,2007,63.7
WSM,2008,62.4
WSM,2009,62.6
WSM,2010,62.6
WSM,2011,62.6
WSM,2012,62.6
WSM,2013,62.6
YEM,1995,95.6
YEM,1996,95.3
YEM,1997,95.2
YEM,1998,93.2
YEM,1999,94.9
YEM,2000,94.6
YEM,2001,94.8
YEM,2002,94.8
YEM,2003,96.2
YEM,2004,97.3
YEM,2005,98.0
YEM,2006,92.5
YEM,2007,98.4
YEM,2008,98.5
YEM,2009,98.6
YEM,2010,98.6
YEM,2011,98.6
YEM,2012,98.7
YEM,2013,98.7
ZAF,1995,23.2
ZAF,1996,20.3
ZAF,1997,18.9
ZAF,1998,20.9
ZAF,1999,20.4
ZAF,2000,22.2
ZAF,2001,21.0
ZAF,2002,20.6
ZAF,2003,20.6
ZAF,2004,28.9
ZAF,2005,29.9
ZAF,2006,30.1
ZAF,2007,16.8
ZAF,2008,15.7
ZAF,2009,14.6
ZAF,2010,13.9
ZAF,2011,13.8
ZAF,2012,13.8
ZAF,2013,13.8
ZMB,1995,54.5
ZMB,1996,49.9
ZMB,1997,47.5
ZMB,1998,46.6
ZMB,1999,52.1
ZMB,2000,55.6
ZMB,2001,58.1
ZMB,2002,56.9
ZMB,2003,42.7
ZMB,2004,48.1
ZMB,2005,45.9
ZMB,2006,43.8
ZMB,2007,67.8
ZMB,2008,68.2
ZMB,2009,67.8
ZMB,2010,65.7
ZMB,2011,66.4
ZMB,2012,67.1
ZMB,2013,66.7
