country,year,tb_new_su
AFG,1999,0.0
AFG,2002,0.0
AFG,2007,0.0
AFG,2008,0.0
AFG,2010,2606.0
AFG,2011,1989.0
AFG,2012,2665.0
AGO,1995,1631.0
AGO,1999,0.0
AGO,2000,337.0
AGO,2001,593.0
AGO,2003,0.0
AGO,2004,0.0
AGO,2006,0.0
AGO,2008,0.0
AGO,2009,0.0
AGO,2011,0.0
AGO,2012,1830.0
ALB,1997,60.0
ALB,1998,0.0
ALB,1999,0.0
ALB,2000,0.0
ALB,2001,63.0
ALB,2002,0.0
ALB,2003,11.0
ALB,2004,12.0
ALB,2005,27.0
ALB,2006,12.0
ALB,2007,10.0
ALB,2008,10.0
ALB,2009,6.0
ALB,2010,5.0
ALB,2011,7.0
ALB,2012,1.0
AND,1998,0.0
AND,1999,0.0
AND,2000,1.0
AND,2001,0.0
AND,2002,0.0
AND,2003,0.0
AND,2004,0.0
AND,2005,1.0
AND,2007,0.0
AND,2008,0.0
AND,2009,0.0
AND,2010,0.0
AND,2011,1.0
AND,2012,0.0
ARE,1999,31.0
ARE,2000,0.0
ARE,2001,1.0
ARE,2002,0.0
ARE,2003,0.0
ARE,2005,0.0
ARE,2006,0.0
ARE,2007,0.0
ARE,2008,0.0
ARE,2009,0.0
ARE,2010,0.0
ARE,2011,2.0
ARE,2012,3.0
ARG,1996,3356.0
ARG,1997,3122.0
ARG,1998,3487.0
ARG,1999,837.0
ARG,2000,1786.0
ARG,2001,2665.0
ARG,2002,2369.0
ARG,2003,2339.0
ARG,2004,2195.0
ARG,2005,2011.0
ARG,2006,1523.0
ARG,2007,1940.0
ARG,2008,1637.0
ARG,2009,998.0
ARG,2010,923.0
ARG,2011,1253.0
ARG,2012,1014.0
ARM,1997,0.0
ARM,1998,3.0
ARM,1999,0.0
ARM,2000,0.0
ARM,2001,0.0
ARM,2002,0.0
ARM,2003,0.0
ARM,2004,22.0
ARM,2005,109.0
ARM,2006,0.0
ARM,2007,0.0
ARM,2008,0.0
ARM,2009,0.0
ARM,2010,0.0
ARM,2011,0.0
ARM,2012,0.0
ATG,1999,0.0
ATG,2000,1.0
ATG,2001,0.0
ATG,2002,2.0
ATG,2003,0.0
ATG,2005,0.0
ATG,2006,0.0
ATG,2007,0.0
ATG,2008,0.0
ATG,2009,1.0
ATG,2010,0.0
ATG,2011,0.0
ATG,2012,1.0
AUS,1997,166.0
AUS,1998,113.0
AUS,1999,97.0
AUS,2000,79.0
AUS,2001,117.0
AUS,2002,158.0
AUS,2003,229.0
AUS,2004,77.0
AUS,2006,163.0
AUS,2007,128.0
AUS,2008,91.0
AUS,2009,92.0
AUS,2010,130.0
AUS,2011,107.0
AUS,2012,78.0
AUT,1995,319.0
AUT,1996,357.0
AUT,1997,354.0
AUT,1998,356.0
AUT,1999,265.0
AUT,2000,315.0
AUT,2001,272.0
AUT,2002,214.0
AUT,2003,227.0
AUT,2004,222.0
AUT,2005,232.0
AUT,2006,270.0
AUT,2007,213.0
AUT,2009,193.0
AUT,2010,83.0
AUT,2011,148.0
AUT,2012,142.0
AZE,1995,547.0
AZE,1996,42.0
AZE,1997,1005.0
AZE,1998,419.0
AZE,1999,0.0
AZE,2000,2966.0
AZE,2001,0.0
AZE,2002,0.0
AZE,2003,0.0
AZE,2004,0.0
AZE,2006,0.0
AZE,2007,0.0
AZE,2010,0.0
AZE,2011,0.0
AZE,2012,0.0
BDI,1995,384.0
BDI,1998,1665.0
BDI,1999,1309.0
BDI,2000,512.0
BDI,2001,165.0
BDI,2002,128.0
BDI,2003,184.0
BDI,2004,376.0
BDI,2005,210.0
BDI,2006,48.0
BDI,2007,14.0
BDI,2008,165.0
BDI,2009,285.0
BDI,2010,148.0
BDI,2011,117.0
BDI,2012,79.0
BEL,1995,313.0
BEL,1996,45.0
BEL,1997,114.0
BEL,1998,34.0
BEL,1999,76.0
BEL,2000,99.0
BEL,2001,84.0
BEL,2002,58.0
BEL,2003,60.0
BEL,2004,55.0
BEL,2005,37.0
BEL,2006,33.0
BEL,2007,29.0
BEL,2008,8.0
BEL,2009,36.0
BEL,2010,25.0
BEL,2011,32.0
BEL,2012,21.0
BEN,1995,0.0
BEN,2007,0.0
BEN,2008,0.0
BEN,2009,0.0
BEN,2010,0.0
BEN,2011,0.0
BEN,2012,0.0
BFA,1996,0.0
BFA,1997,0.0
BFA,1998,0.0
BFA,1999,0.0
BFA,2000,0.0
BFA,2001,0.0
BFA,2002,0.0
BFA,2003,0.0
BFA,2004,0.0
BFA,2005,0.0
BFA,2006,0.0
BFA,2007,0.0
BFA,2008,0.0
BFA,2009,0.0
BFA,2010,0.0
BFA,2011,0.0
BFA,2012,0.0
BGD,1997,0.0
BGD,2006,0.0
BGD,2007,0.0
BGD,2008,0.0
BGD,2010,0.0
BGD,2011,0.0
BGD,2012,0.0
BGR,1995,0.0
BGR,1997,0.0
BGR,1998,0.0
BGR,1999,0.0
BGR,2000,0.0
BGR,2001,0.0
BGR,2002,0.0
BGR,2003,0.0
BGR,2004,0.0
BGR,2007,168.0
BGR,2008,116.0
BGR,2009,99.0
BGR,2010,63.0
BGR,2011,62.0
BGR,2012,39.0
BHR,1995,0.0
BHR,1997,0.0
BHR,1998,0.0
BHR,1999,0.0
BHR,2000,0.0
BHR,2001,0.0
BHR,2002,0.0
BHR,2003,0.0
BHR,2004,0.0
BHR,2005,0.0
BHR,2006,0.0
BHR,2007,0.0
BHR,2008,0.0
BHR,2009,0.0
BHR,2010,0.0
BHR,2011,0.0
BHR,2012,0.0
BHS,1995,0.0
BHS,1997,0.0
BHS,1998,0.0
BHS,1999,0.0
BHS,2000,0.0
BHS,2002,0.0
BHS,2004,1.0
BHS,2005,0.0
BHS,2006,0.0
BHS,2007,0.0
BHS,2008,1.0
BHS,2009,3.0
BHS,2010,0.0
BHS,2011,2.0
BHS,2012,0.0
BIH,1995,148.0
BIH,1996,312.0
BIH,1997,0.0
BIH,1998,312.0
BIH,1999,165.0
BIH,2000,89.0
BIH,2001,65.0
BIH,2002,0.0
BIH,2003,0.0
BIH,2004,0.0
BIH,2005,0.0
BIH,2007,0.0
BIH,2008,0.0
BIH,2009,1.0
BIH,2010,0.0
BIH,2011,0.0
BIH,2012,31.0
BLR,1997,0.0
BLR,1998,0.0
BLR,1999,0.0
BLR,2000,0.0
BLR,2003,19.0
BLR,2004,33.0
BLR,2005,32.0
BLR,2006,22.0
BLR,2007,33.0
BLR,2010,0.0
BLR,2011,35.0
BLZ,1995,20.0
BLZ,2000,32.0
BLZ,2001,14.0
BLZ,2002,16.0
BLZ,2003,10.0
BLZ,2004,11.0
BLZ,2005,5.0
BLZ,2006,5.0
BLZ,2007,0.0
BLZ,2009,0.0
BLZ,2010,11.0
BLZ,2011,0.0
BLZ,2012,22.0
BOL,2001,0.0
BOL,2002,0.0
BOL,2003,0.0
BOL,2004,0.0
BOL,2010,0.0
BOL,2011,0.0
BOL,2012,0.0
BRA,1995,14039.0
BRA,1996,14599.0
BRA,1998,25569.0
BRA,1999,24098.0
BRA,2000,11033.0
BRA,2001,8067.0
BRA,2002,11885.0
BRA,2003,11039.0
BRA,2004,12104.0
BRA,2005,10589.0
BRA,2006,9987.0
BRA,2007,9353.0
BRA,2008,8811.0
BRA,2009,9123.0
BRA,2010,9336.0
BRA,2011,8278.0
BRA,2012,8592.0
BRB,1996,0.0
BRB,1997,0.0
BRB,1999,0.0
BRB,2000,0.0
BRB,2001,0.0
BRB,2006,0.0
BRB,2007,0.0
BRB,2008,2.0
BRB,2009,0.0
BRB,2010,0.0
BRB,2011,0.0
BRB,2012,0.0
BRN,1997,115.0
BRN,1999,0.0
BRN,2000,0.0
BRN,2001,11.0
BRN,2002,13.0
BRN,2003,13.0
BRN,2004,10.0
BRN,2005,13.0
BRN,2006,9.0
BRN,2007,0.0
BRN,2008,0.0
BRN,2009,0.0
BRN,2010,0.0
BRN,2011,0.0
BRN,2012,28.0
BTN,1995,0.0
BTN,1998,8.0
BTN,1999,33.0
BTN,2000,0.0
BTN,2001,0.0
BTN,2002,0.0
BTN,2003,0.0
BTN,2006,0.0
BTN,2008,0.0
BTN,2009,0.0
BTN,2010,0.0
BTN,2011,0.0
BTN,2012,0.0
BWA,1995,2275.0
BWA,1999,3245.0
BWA,2000,3942.0
BWA,2001,4293.0
BWA,2002,4444.0
BWA,2003,4197.0
BWA,2004,4446.0
BWA,2005,4237.0
BWA,2006,2372.0
BWA,2007,1823.0
BWA,2008,2171.0
BWA,2009,2417.0
BWA,2010,1106.0
BWA,2011,1320.0
BWA,2012,1465.0
CAF,1995,0.0
CAF,1999,0.0
CAF,2004,0.0
CAF,2005,0.0
CAF,2006,0.0
CAF,2008,7.0
CAF,2009,27.0
CAF,2010,494.0
CAF,2011,375.0
CAN,1990,248.0
CAN,1991,243.0
CAN,1992,234.0
CAN,1993,233.0
CAN,1994,249.0
CAN,1995,258.0
CAN,1996,202.0
CAN,1997,214.0
CAN,1998,224.0
CAN,1999,174.0
CAN,2000,144.0
CAN,2001,174.0
CAN,2002,160.0
CAN,2003,270.0
CAN,2004,123.0
CAN,2005,115.0
CAN,2006,228.0
CAN,2007,87.0
CAN,2008,78.0
CAN,2009,74.0
CAN,2010,120.0
CAN,2011,109.0
CAN,2012,110.0
CHE,1995,4.0
CHE,1996,60.0
CHE,1997,6.0
CHE,1998,327.0
CHE,1999,200.0
CHE,2000,212.0
CHE,2001,171.0
CHE,2002,198.0
CHE,2003,178.0
CHE,2004,166.0
CHE,2005,153.0
CHE,2006,154.0
CHE,2007,134.0
CHE,2008,131.0
CHE,2009,133.0
CHE,2010,128.0
CHE,2011,142.0
CHE,2012,95.0
CHL,1999,0.0
CHL,2000,234.0
CHL,2001,262.0
CHL,2002,162.0
CHL,2003,18.0
CHL,2004,136.0
CHL,2005,0.0
CHL,2006,168.0
CHL,2007,0.0
CHL,2009,0.0
CHL,2010,0.0
CHL,2011,0.0
CHL,2012,2.0
CHN,1995,19688.0
CHN,1996,19152.0
CHN,1997,22648.0
CHN,1998,30128.0
CHN,1999,32670.0
CHN,2000,35455.0
CHN,2001,34474.0
CHN,2002,38041.0
CHN,2003,41038.0
CHN,2004,25452.0
CHN,2005,14081.0
CHN,2006,8150.0
CHN,2007,7669.0
CHN,2008,6021.0
CHN,2009,4074.0
CHN,2010,2288.0
CHN,2011,2028.0
CHN,2012,2073.0
CIV,1995,331.0
CIV,2000,326.0
CIV,2001,481.0
CIV,2002,445.0
CIV,2003,551.0
CIV,2004,797.0
CIV,2005,551.0
CIV,2006,876.0
CIV,2007,600.0
CIV,2008,420.0
CIV,2009,318.0
CIV,2010,303.0
CIV,2011,0.0
CIV,2012,0.0
CMR,1995,0.0
CMR,1997,0.0
CMR,2000,0.0
CMR,2002,0.0
CMR,2003,0.0
CMR,2004,0.0
CMR,2005,0.0
CMR,2006,0.0
CMR,2007,0.0
CMR,2008,0.0
CMR,2009,0.0
CMR,2010,0.0
CMR,2011,0.0
CMR,2012,0.0
COD,1999,0.0
COD,2010,0.0
COG,1995,207.0
COG,2007,0.0
COG,2009,0.0
COG,2011,0.0
COG,2012,0.0
COK,1990,0.0
COK,1991,0.0
COK,1992,0.0
COK,1993,0.0
COK,1994,0.0
COK,1995,0.0
COK,1996,0.0
COK,1997,0.0
COK,1998,0.0
COK,1999,0.0
COK,2000,0.0
COK,2001,0.0
COK,2002,0.0
COK,2003,0.0
COK,2004,0.0
COK,2005,0.0
COK,2006,0.0
COK,2008,0.0
COK,2009,0.0
COK,2010,0.0
COK,2011,0.0
COK,2012,0.0
COL,1995,537.0
COL,1996,422.0
COL,1997,391.0
COL,1998,452.0
COL,1999,389.0
COL,2000,433.0
COL,2001,626.0
COL,2002,552.0
COL,2003,540.0
COL,2004,571.0
COL,2005,442.0
COL,2006,539.0
COL,2007,435.0
COL,2008,787.0
COL,2009,447.0
COL,2010,377.0
COL,2011,570.0
COL,2012,546.0
COM,1995,0.0
COM,2000,0.0
COM,2005,0.0
COM,2006,0.0
COM,2008,2.0
COM,2009,2.0
COM,2011,0.0
COM,2012,1.0
CPV,1995,0.0
CPV,1996,0.0
CPV,2001,0.0
CPV,2002,0.0
CPV,2003,0.0
CPV,2004,0.0
CPV,2005,0.0
CPV,2006,0.0
CPV,2007,0.0
CPV,2008,0.0
CPV,2009,0.0
CPV,2011,18.0
CPV,2012,21.0
CRI,1995,6.0
CRI,1996,18.0
CRI,1997,0.0
CRI,1998,0.0
CRI,1999,64.0
CRI,2000,85.0
CRI,2001,25.0
CRI,2002,12.0
CRI,2003,4.0
CRI,2004,83.0
CRI,2006,19.0
CRI,2007,102.0
CRI,2008,0.0
CRI,2010,72.0
CRI,2011,93.0
CRI,2012,70.0
CUB,1995,32.0
CUB,2000,0.0
CUB,2001,0.0
CUB,2002,120.0
CUB,2003,82.0
CUB,2004,12.0
CUB,2006,0.0
CUB,2008,0.0
CUB,2009,0.0
CUB,2010,0.0
CUB,2011,0.0
CUB,2012,0.0
CYP,1995,0.0
CYP,1996,0.0
CYP,1997,0.0
CYP,1998,0.0
CYP,1999,0.0
CYP,2000,0.0
CYP,2002,0.0
CYP,2003,2.0
CYP,2004,2.0
CYP,2005,2.0
CYP,2006,8.0
CYP,2007,15.0
CYP,2008,7.0
CYP,2009,8.0
CYP,2010,6.0
CYP,2011,3.0
CYP,2012,19.0
CZE,1995,9.0
CZE,1998,67.0
CZE,1999,74.0
CZE,2000,12.0
CZE,2001,0.0
CZE,2002,0.0
CZE,2003,0.0
CZE,2004,0.0
CZE,2005,0.0
CZE,2007,66.0
CZE,2008,66.0
CZE,2009,45.0
CZE,2010,0.0
CZE,2011,0.0
CZE,2012,0.0
DEU,1995,6473.0
DEU,1997,6069.0
DEU,1998,5672.0
DEU,2001,1012.0
DEU,2002,1088.0
DEU,2003,1078.0
DEU,2004,938.0
DEU,2005,950.0
DEU,2006,960.0
DEU,2007,860.0
DEU,2008,645.0
DEU,2009,680.0
DEU,2010,1713.0
DEU,2011,1787.0
DEU,2012,1580.0
DJI,1999,1849.0
DJI,2000,0.0
DJI,2002,0.0
DJI,2003,0.0
DJI,2004,440.0
DJI,2005,0.0
DJI,2006,0.0
DJI,2009,0.0
DJI,2010,0.0
DJI,2011,0.0
DMA,1998,0.0
DMA,2002,0.0
DMA,2006,0.0
DMA,2007,0.0
DMA,2008,1.0
DMA,2009,0.0
DMA,2010,0.0
DMA,2011,0.0
DMA,2012,0.0
DNK,1995,26.0
DNK,1997,0.0
DNK,1998,0.0
DNK,1999,16.0
DNK,2000,9.0
DNK,2001,124.0
DNK,2002,104.0
DNK,2003,0.0
DNK,2004,47.0
DNK,2005,59.0
DNK,2006,37.0
DNK,2007,65.0
DNK,2008,44.0
DNK,2009,44.0
DNK,2010,43.0
DNK,2011,39.0
DOM,1995,296.0
DOM,1996,228.0
DOM,1997,1209.0
DOM,1998,0.0
DOM,1999,0.0
DOM,2002,552.0
DOM,2003,285.0
DOM,2004,215.0
DOM,2005,209.0
DOM,2006,200.0
DOM,2007,148.0
DOM,2008,150.0
DOM,2009,123.0
DOM,2010,142.0
DOM,2011,148.0
DOM,2012,136.0
DZA,1998,196.0
DZA,1999,43.0
DZA,2000,248.0
DZA,2001,260.0
DZA,2002,263.0
DZA,2003,270.0
DZA,2004,252.0
DZA,2005,212.0
DZA,2006,190.0
DZA,2007,235.0
DZA,2008,232.0
DZA,2009,258.0
DZA,2010,327.0
DZA,2011,235.0
DZA,2012,121.0
ECU,1997,333.0
ECU,1998,414.0
ECU,1999,0.0
ECU,2000,0.0
ECU,2001,0.0
ECU,2004,0.0
ECU,2007,0.0
ECU,2008,0.0
ECU,2010,0.0
ECU,2011,0.0
ECU,2012,0.0
EGY,1995,0.0
EGY,1997,0.0
EGY,1999,0.0
EGY,2000,0.0
EGY,2005,0.0
EGY,2006,0.0
EGY,2007,0.0
EGY,2008,0.0
EGY,2009,21.0
EGY,2010,21.0
EGY,2011,42.0
EGY,2012,34.0
ERI,1995,18205.0
ERI,1996,4277.0
ERI,1997,6171.0
ERI,1998,5233.0
ERI,1999,4126.0
ERI,2000,4559.0
ERI,2002,122.0
ERI,2003,318.0
ERI,2004,391.0
ERI,2005,207.0
ERI,2006,199.0
ERI,2007,233.0
ERI,2008,112.0
ERI,2009,94.0
ERI,2010,126.0
ERI,2011,103.0
ERI,2012,141.0
ESP,1995,6159.0
ESP,1998,0.0
ESP,2000,2537.0
ESP,2001,3192.0
ESP,2002,2423.0
ESP,2003,2767.0
ESP,2004,2041.0
ESP,2005,2542.0
ESP,2006,2829.0
ESP,2007,1994.0
ESP,2008,1206.0
ESP,2009,1212.0
ESP,2010,963.0
ESP,2011,328.0
ESP,2012,260.0
EST,1995,0.0
EST,1996,0.0
EST,1997,78.0
EST,1998,0.0
EST,1999,2.0
EST,2000,0.0
EST,2001,5.0
EST,2002,4.0
EST,2003,3.0
EST,2004,5.0
EST,2005,6.0
EST,2006,5.0
EST,2007,9.0
EST,2008,17.0
EST,2009,4.0
EST,2010,11.0
EST,2011,6.0
EST,2012,1.0
ETH,1996,101746.0
ETH,2004,0.0
ETH,2007,0.0
ETH,2009,1075.0
ETH,2010,2522.0
ETH,2011,2530.0
ETH,2012,2073.0
FIN,1996,50.0
FIN,1997,38.0
FIN,1998,8.0
FIN,1999,53.0
FIN,2000,25.0
FIN,2001,19.0
FIN,2002,35.0
FIN,2003,29.0
FIN,2004,26.0
FIN,2005,23.0
FIN,2006,15.0
FIN,2007,7.0
FIN,2008,15.0
FIN,2009,38.0
FIN,2010,22.0
FIN,2011,22.0
FIN,2012,14.0
FJI,1995,0.0
FJI,1998,0.0
FJI,1999,0.0
FJI,2000,0.0
FJI,2001,0.0
FJI,2002,0.0
FJI,2003,0.0
FJI,2004,0.0
FJI,2006,0.0
FJI,2007,0.0
FJI,2008,0.0
FJI,2009,0.0
FJI,2010,0.0
FJI,2011,0.0
FJI,2012,0.0
FRA,1995,1069.0
FRA,1996,235.0
FRA,1997,668.0
FRA,1999,578.0
FRA,2000,165.0
FRA,2001,402.0
FRA,2002,335.0
FRA,2003,417.0
FRA,2004,199.0
FRA,2005,219.0
FRA,2006,225.0
FRA,2007,248.0
FRA,2008,135.0
FRA,2009,138.0
FRA,2010,129.0
FRA,2011,111.0
FSM,1995,38.0
FSM,1997,36.0
FSM,1998,32.0
FSM,2000,40.0
FSM,2001,43.0
FSM,2002,52.0
FSM,2003,37.0
FSM,2004,17.0
FSM,2005,4.0
FSM,2006,7.0
FSM,2007,0.0
FSM,2008,21.0
FSM,2009,4.0
FSM,2010,5.0
FSM,2011,0.0
FSM,2012,2.0
GAB,1995,165.0
GAB,1996,161.0
GAB,1999,191.0
GAB,2001,323.0
GAB,2002,271.0
GAB,2003,324.0
GAB,2004,361.0
GAB,2005,618.0
GAB,2006,959.0
GAB,2007,1027.0
GAB,2008,1610.0
GAB,2009,796.0
GAB,2010,627.0
GAB,2011,739.0
GAB,2012,1117.0
GBR,1995,4162.0
GBR,1997,2249.0
GBR,1998,961.0
GBR,1999,1177.0
GBR,2000,1115.0
GBR,2001,1699.0
GBR,2002,2656.0
GBR,2003,1057.0
GBR,2004,1109.0
GBR,2005,1412.0
GBR,2006,1385.0
GBR,2007,1359.0
GBR,2008,1142.0
GBR,2009,1480.0
GBR,2010,1508.0
GBR,2011,1672.0
GBR,2012,1547.0
GEO,1997,0.0
GEO,1998,0.0
GEO,1999,321.0
GEO,2000,317.0
GEO,2001,235.0
GEO,2002,325.0
GEO,2003,272.0
GEO,2004,173.0
GEO,2005,115.0
GEO,2006,96.0
GEO,2007,75.0
GEO,2008,62.0
GEO,2009,62.0
GEO,2010,55.0
GEO,2011,47.0
GEO,2012,47.0
GHA,1995,0.0
GHA,1997,0.0
GHA,2000,0.0
GHA,2002,0.0
GHA,2006,0.0
GHA,2007,0.0
GHA,2008,105.0
GHA,2009,233.0
GHA,2010,361.0
GHA,2011,336.0
GHA,2012,311.0
GIN,1999,0.0
GIN,2000,0.0
GIN,2001,0.0
GIN,2002,0.0
GIN,2003,0.0
GIN,2004,0.0
GIN,2006,0.0
GIN,2007,0.0
GIN,2008,0.0
GIN,2009,0.0
GIN,2010,0.0
GIN,2011,0.0
GIN,2012,0.0
GMB,1995,48.0
GMB,1998,131.0
GMB,1999,115.0
GMB,2002,0.0
GMB,2003,214.0
GMB,2004,182.0
GMB,2005,87.0
GMB,2006,0.0
GMB,2007,0.0
GMB,2008,0.0
GMB,2009,0.0
GMB,2010,0.0
GMB,2011,0.0
GMB,2012,0.0
GNB,1995,265.0
GNB,1996,234.0
GNB,2000,186.0
GNB,2003,163.0
GNB,2004,187.0
GNB,2005,52.0
GNB,2006,320.0
GNB,2008,108.0
GNB,2009,394.0
GNB,2010,177.0
GNB,2011,281.0
GNB,2012,211.0
GNQ,1995,0.0
GNQ,1998,67.0
GNQ,2008,0.0
GNQ,2009,0.0
GNQ,2010,0.0
GNQ,2011,8.0
GRC,1997,132.0
GRC,1998,305.0
GRC,1999,78.0
GRC,2000,255.0
GRC,2001,102.0
GRC,2002,91.0
GRC,2003,78.0
GRC,2004,301.0
GRC,2005,254.0
GRC,2006,213.0
GRC,2007,85.0
GRC,2008,104.0
GRC,2009,79.0
GRC,2010,53.0
GRC,2011,56.0
GRD,1997,0.0
GRD,1998,0.0
GRD,1999,1.0
GRD,2000,0.0
GRD,2003,0.0
GRD,2006,0.0
GRD,2007,0.0
GRD,2008,0.0
GRD,2009,1.0
GRD,2010,0.0
GRD,2011,0.0
GRD,2012,0.0
GTM,1995,55.0
GTM,1998,279.0
GTM,1999,0.0
GTM,2000,0.0
GTM,2003,0.0
GTM,2007,0.0
GTM,2008,0.0
GTM,2009,0.0
GTM,2010,0.0
GTM,2011,0.0
GTM,2012,0.0
GUY,1995,45.0
GUY,1996,177.0
GUY,1997,236.0
GUY,1998,144.0
GUY,2000,152.0
GUY,2001,133.0
GUY,2002,203.0
GUY,2003,249.0
GUY,2004,108.0
GUY,2005,132.0
GUY,2006,153.0
GUY,2007,104.0
GUY,2008,94.0
GUY,2009,137.0
GUY,2010,51.0
GUY,2011,102.0
GUY,2012,85.0
HND,1995,658.0
HND,1997,0.0
HND,1998,0.0
HND,1999,0.0
HND,2000,250.0
HND,2003,0.0
HND,2004,0.0
HND,2005,0.0
HND,2006,0.0
HND,2007,0.0
HND,2008,0.0
HND,2009,0.0
HND,2010,0.0
HND,2011,0.0
HND,2012,0.0
HRV,1997,0.0
HRV,1998,0.0
HRV,1999,267.0
HRV,2001,443.0
HRV,2002,439.0
HRV,2003,417.0
HRV,2004,317.0
HRV,2005,366.0
HRV,2006,325.0
HRV,2007,167.0
HRV,2008,269.0
HRV,2009,244.0
HRV,2010,261.0
HRV,2011,188.0
HTI,1997,0.0
HTI,1998,0.0
HTI,2000,0.0
HTI,2002,0.0
HTI,2004,0.0
HTI,2006,0.0
HTI,2007,0.0
HTI,2008,0.0
HTI,2010,0.0
HTI,2012,0.0
HUN,1997,0.0
HUN,1998,0.0
HUN,1999,119.0
HUN,2000,1559.0
HUN,2001,709.0
HUN,2002,519.0
HUN,2003,502.0
HUN,2004,437.0
HUN,2005,338.0
HUN,2006,348.0
HUN,2007,316.0
HUN,2008,258.0
HUN,2009,218.0
HUN,2010,386.0
HUN,2011,217.0
HUN,2012,141.0
IDN,1995,0.0
IDN,1999,0.0
IDN,2001,0.0
IDN,2009,0.0
IDN,2010,0.0
IND,1995,0.0
IND,1997,787338.0
IND,1999,0.0
IND,2000,0.0
IND,2001,0.0
IND,2002,0.0
IND,2003,0.0
IND,2004,0.0
IND,2005,0.0
IND,2006,0.0
IND,2007,0.0
IND,2008,0.0
IRL,1997,49.0
IRL,1998,15.0
IRL,1999,77.0
IRL,2000,46.0
IRL,2001,56.0
IRL,2002,0.0
IRL,2003,46.0
IRL,2004,51.0
IRL,2005,71.0
IRL,2006,89.0
IRL,2007,0.0
IRL,2008,67.0
IRL,2009,58.0
IRL,2010,74.0
IRL,2011,57.0
IRL,2012,65.0
IRN,1997,0.0
IRN,1999,0.0
IRN,2005,159.0
IRN,2006,205.0
IRN,2007,229.0
IRN,2008,276.0
IRN,2009,280.0
IRN,2010,373.0
IRN,2011,393.0
IRN,2012,478.0
IRQ,1995,0.0
IRQ,1997,0.0
IRQ,1998,0.0
IRQ,1999,0.0
IRQ,2000,0.0
IRQ,2002,0.0
IRQ,2003,0.0
IRQ,2007,0.0
IRQ,2008,225.0
IRQ,2009,290.0
IRQ,2010,376.0
IRQ,2011,364.0
IRQ,2012,455.0
ISL,1995,0.0
ISL,1996,1.0
ISL,1997,0.0
ISL,1998,1.0
ISL,1999,0.0
ISL,2000,3.0
ISL,2001,1.0
ISL,2002,2.0
ISL,2003,0.0
ISL,2004,3.0
ISL,2005,1.0
ISL,2006,2.0
ISL,2007,3.0
ISL,2008,0.0
ISL,2009,2.0
ISL,2010,10.0
ISL,2011,1.0
ISL,2012,3.0
ISR,1996,103.0
ISR,1997,0.0
ISR,1998,142.0
ISR,1999,20.0
ISR,2000,22.0
ISR,2001,23.0
ISR,2002,14.0
ISR,2003,18.0
ISR,2004,33.0
ISR,2005,22.0
ISR,2006,36.0
ISR,2007,41.0
ISR,2008,16.0
ISR,2009,6.0
ISR,2010,11.0
ISR,2011,59.0
ISR,2012,54.0
ITA,1995,2089.0
ITA,1996,332.0
ITA,1997,805.0
ITA,1998,851.0
ITA,1999,222.0
ITA,2000,399.0
ITA,2001,916.0
ITA,2002,964.0
ITA,2003,849.0
ITA,2004,1079.0
ITA,2005,790.0
ITA,2006,741.0
ITA,2007,630.0
ITA,2008,899.0
ITA,2009,435.0
ITA,2010,407.0
ITA,2011,408.0
JAM,1995,0.0
JAM,1998,0.0
JAM,1999,0.0
JAM,2000,0.0
JAM,2001,0.0
JAM,2002,0.0
JAM,2003,0.0
JAM,2004,0.0
JAM,2005,0.0
JAM,2006,0.0
JAM,2007,3.0
JAM,2008,0.0
JAM,2009,0.0
JAM,2010,3.0
JAM,2011,3.0
JAM,2012,17.0
JOR,1995,0.0
JOR,1996,0.0
JOR,1997,0.0
JOR,1998,54.0
JOR,1999,10.0
JOR,2000,7.0
JOR,2001,31.0
JOR,2002,25.0
JOR,2003,19.0
JOR,2004,13.0
JOR,2005,30.0
JOR,2006,27.0
JOR,2007,25.0
JOR,2008,22.0
JOR,2009,11.0
JOR,2010,13.0
JOR,2011,11.0
JOR,2012,4.0
JPN,1995,1091.0
JPN,1996,875.0
JPN,1997,748.0
JPN,1998,1937.0
JPN,1999,1865.0
JPN,2000,1923.0
JPN,2001,1376.0
JPN,2002,1178.0
JPN,2003,1226.0
JPN,2004,825.0
JPN,2005,868.0
JPN,2006,580.0
JPN,2007,399.0
JPN,2008,355.0
JPN,2009,350.0
JPN,2010,268.0
JPN,2011,287.0
JPN,2012,221.0
KAZ,1996,2000.0
KAZ,1997,0.0
KAZ,1998,0.0
KAZ,1999,0.0
KAZ,2000,0.0
KAZ,2001,0.0
KAZ,2002,0.0
KAZ,2003,0.0
KAZ,2004,0.0
KAZ,2005,0.0
KAZ,2006,329.0
KAZ,2007,348.0
KAZ,2008,0.0
KAZ,2009,143.0
KAZ,2010,154.0
KAZ,2011,150.0
KAZ,2012,216.0
KEN,2000,0.0
KEN,2001,0.0
KEN,2004,0.0
KEN,2006,5652.0
KEN,2007,7017.0
KEN,2008,10883.0
KEN,2009,11727.0
KEN,2010,10120.0
KEN,2011,9416.0
KEN,2012,8123.0
KGZ,1995,5.0
KGZ,1997,0.0
KGZ,1998,0.0
KGZ,1999,0.0
KGZ,2000,0.0
KGZ,2002,0.0
KGZ,2004,0.0
KGZ,2005,0.0
KGZ,2006,19.0
KGZ,2007,44.0
KGZ,2008,0.0
KGZ,2010,0.0
KGZ,2011,0.0
KGZ,2012,0.0
KHM,1995,0.0
KHM,2000,0.0
KHM,2003,0.0
KHM,2008,0.0
KHM,2009,0.0
KHM,2010,0.0
KHM,2011,0.0
KHM,2012,0.0
KIR,1998,36.0
KIR,1999,36.0
KIR,2000,17.0
KIR,2001,21.0
KIR,2002,7.0
KIR,2004,0.0
KIR,2006,4.0
KIR,2007,0.0
KIR,2008,0.0
KIR,2009,0.0
KIR,2010,0.0
KIR,2011,0.0
KIR,2012,0.0
KNA,2000,0.0
KNA,2001,2.0
KNA,2002,0.0
KNA,2005,0.0
KNA,2007,0.0
KNA,2008,0.0
KNA,2009,0.0
KNA,2010,0.0
KNA,2011,0.0
KNA,2012,0.0
KOR,1995,0.0
KOR,2001,3609.0
KOR,2002,3637.0
KOR,2003,4143.0
KOR,2004,4285.0
KOR,2005,5431.0
KOR,2006,5843.0
KOR,2007,9143.0
KOR,2008,9186.0
KOR,2009,9565.0
KOR,2010,10141.0
KOR,2011,9446.0
KOR,2012,3316.0
KWT,1995,0.0
KWT,1996,0.0
KWT,1997,0.0
KWT,1998,0.0
KWT,1999,0.0
KWT,2000,0.0
KWT,2001,0.0
KWT,2002,0.0
KWT,2003,0.0
KWT,2004,0.0
KWT,2005,0.0
KWT,2006,0.0
KWT,2007,0.0
KWT,2008,0.0
KWT,2009,0.0
KWT,2010,0.0
KWT,2011,0.0
KWT,2012,0.0
LAO,1995,0.0
LAO,2007,0.0
LAO,2008,0.0
LAO,2009,0.0
LBN,1995,0.0
LBN,1997,0.0
LBN,1998,0.0
LBN,1999,0.0
LBN,2000,0.0
LBN,2001,0.0
LBN,2002,0.0
LBN,2003,0.0
LBN,2004,0.0
LBN,2005,0.0
LBN,2006,0.0
LBN,2007,0.0
LBN,2008,0.0
LBN,2009,0.0
LBN,2010,0.0
LBN,2012,0.0
LBR,1995,72.0
LBR,1998,0.0
LBR,2000,8.0
LBR,2001,143.0
LBR,2002,0.0
LBR,2003,262.0
LBR,2004,374.0
LBR,2005,215.0
LBR,2006,190.0
LBR,2008,282.0
LBR,2009,287.0
LBR,2010,500.0
LBR,2011,625.0
LBR,2012,713.0
LBY,1995,626.0
LBY,1999,0.0
LBY,2008,0.0
LBY,2009,0.0
LBY,2011,0.0
LBY,2012,0.0
LCA,1998,1.0
LCA,2000,0.0
LCA,2001,0.0
LCA,2003,0.0
LCA,2004,0.0
LCA,2006,0.0
LCA,2007,0.0
LCA,2008,0.0
LCA,2009,0.0
LCA,2010,0.0
LCA,2011,0.0
LCA,2012,0.0
LKA,1995,173.0
LKA,2000,253.0
LKA,2005,0.0
LKA,2007,0.0
LKA,2008,0.0
LKA,2010,0.0
LKA,2011,0.0
LKA,2012,0.0
LSO,1995,913.0
LSO,2000,1352.0
LSO,2001,852.0
LSO,2002,2919.0
LSO,2003,3724.0
LSO,2004,2657.0
LSO,2006,1756.0
LSO,2007,3111.0
LSO,2008,2172.0
LSO,2009,1814.0
LSO,2010,1884.0
LSO,2011,1849.0
LSO,2012,1757.0
LTU,1995,0.0
LTU,1996,15.0
LTU,1997,0.0
LTU,1998,137.0
LTU,1999,0.0
LTU,2000,0.0
LTU,2001,20.0
LTU,2002,25.0
LTU,2003,27.0
LTU,2004,10.0
LTU,2005,7.0
LTU,2006,10.0
LTU,2007,0.0
LTU,2008,0.0
LTU,2010,0.0
LTU,2011,0.0
LTU,2012,0.0
LUX,1996,0.0
LUX,1997,0.0
LUX,1998,5.0
LUX,2000,7.0
LUX,2001,2.0
LUX,2002,1.0
LUX,2003,4.0
LUX,2004,0.0
LUX,2005,19.0
LUX,2006,10.0
LUX,2007,0.0
LUX,2008,0.0
LUX,2010,18.0
LUX,2011,2.0
LUX,2012,0.0
LVA,1995,41.0
LVA,1998,0.0
LVA,1999,0.0
LVA,2000,0.0
LVA,2001,0.0
LVA,2002,26.0
LVA,2003,32.0
LVA,2004,25.0
LVA,2005,26.0
LVA,2006,27.0
LVA,2007,11.0
LVA,2008,15.0
LVA,2009,18.0
LVA,2010,17.0
LVA,2011,10.0
LVA,2012,9.0
MAR,1999,0.0
MAR,2004,0.0
MAR,2005,0.0
MAR,2006,0.0
MAR,2007,0.0
MAR,2008,0.0
MAR,2009,0.0
MAR,2010,0.0
MAR,2011,0.0
MAR,2012,0.0
MCO,1996,0.0
MCO,1997,0.0
MCO,1998,0.0
MCO,1999,0.0
MCO,2000,0.0
MCO,2002,0.0
MDA,1995,0.0
MDA,1997,504.0
MDA,1998,200.0
MDA,1999,224.0
MDA,2000,1602.0
MDA,2001,233.0
MDA,2004,0.0
MDA,2005,0.0
MDA,2006,0.0
MDA,2007,149.0
MDA,2008,163.0
MDA,2009,186.0
MDA,2010,200.0
MDA,2011,169.0
MDA,2012,132.0
MDG,1995,0.0
MDG,2003,0.0
MDG,2004,0.0
MDG,2005,0.0
MDG,2007,0.0
MDG,2008,0.0
MDG,2009,0.0
MDG,2010,0.0
MDG,2012,0.0
MDV,1995,11.0
MDV,1998,7.0
MDV,1999,6.0
MDV,2000,4.0
MDV,2001,7.0
MDV,2002,0.0
MDV,2003,0.0
MDV,2004,0.0
MDV,2005,0.0
MDV,2006,0.0
MDV,2007,0.0
MDV,2008,0.0
MDV,2009,0.0
MDV,2010,0.0
MDV,2011,0.0
MDV,2012,0.0
MEX,1995,826.0
MEX,1996,133.0
MEX,1997,0.0
MEX,1998,758.0
MEX,1999,2203.0
MEX,2000,735.0
MEX,2001,605.0
MEX,2002,743.0
MEX,2003,458.0
MEX,2004,485.0
MEX,2005,68.0
MEX,2006,111.0
MEX,2007,254.0
MEX,2008,83.0
MEX,2009,73.0
MEX,2010,790.0
MEX,2011,1141.0
MEX,2012,1924.0
MHL,1998,10.0
MHL,1999,0.0
MHL,2000,8.0
MHL,2001,4.0
MHL,2002,0.0
MHL,2003,0.0
MHL,2007,0.0
MHL,2008,0.0
MHL,2009,16.0
MHL,2010,14.0
MHL,2011,10.0
MHL,2012,14.0
MKD,1995,7.0
MKD,1996,0.0
MKD,1997,0.0
MKD,1998,0.0
MKD,1999,0.0
MKD,2000,0.0
MKD,2002,0.0
MKD,2003,36.0
MKD,2004,21.0
MKD,2005,62.0
MKD,2006,48.0
MKD,2007,21.0
MKD,2008,21.0
MKD,2009,11.0
MKD,2010,0.0
MKD,2011,4.0
MKD,2012,6.0
MLI,1995,0.0
MLI,1997,0.0
MLI,2003,0.0
MLI,2005,0.0
MLI,2006,0.0
MLI,2007,0.0
MLI,2008,0.0
MLI,2009,0.0
MLI,2010,0.0
MLI,2012,0.0
MLT,1995,0.0
MLT,1998,2.0
MLT,1999,7.0
MLT,2000,8.0
MLT,2001,8.0
MLT,2002,5.0
MLT,2003,0.0
MLT,2004,9.0
MLT,2005,9.0
MLT,2006,16.0
MLT,2007,2.0
MLT,2008,1.0
MLT,2009,4.0
MLT,2010,3.0
MLT,2011,5.0
MLT,2012,10.0
MMR,1997,0.0
MMR,2000,0.0
MMR,2001,0.0
MMR,2002,0.0
MMR,2003,0.0
MMR,2004,0.0
MMR,2012,0.0
MNE,2005,0.0
MNE,2006,2.0
MNE,2007,0.0
MNE,2008,7.0
MNE,2009,0.0
MNE,2010,0.0
MNE,2011,3.0
MNE,2012,3.0
MNG,1995,352.0
MNG,1997,0.0
MNG,1999,0.0
MNG,2005,0.0
MNG,2006,0.0
MNG,2007,0.0
MNG,2008,0.0
MNG,2009,0.0
MNG,2010,0.0
MNG,2011,0.0
MNG,2012,0.0
MOZ,1998,0.0
MOZ,2000,0.0
MOZ,2001,0.0
MOZ,2002,0.0
MOZ,2003,0.0
MOZ,2004,0.0
MOZ,2007,0.0
MOZ,2008,0.0
MOZ,2009,0.0
MOZ,2010,0.0
MOZ,2011,0.0
MRT,1995,66.0
MRT,1997,0.0
MRT,2000,0.0
MRT,2004,0.0
MRT,2005,0.0
MRT,2006,0.0
MRT,2007,0.0
MRT,2009,0.0
MRT,2011,0.0
MRT,2012,0.0
MUS,1995,0.0
MUS,1999,0.0
MUS,2000,0.0
MUS,2001,0.0
MUS,2002,0.0
MUS,2004,0.0
MUS,2007,0.0
MUS,2008,0.0
MUS,2009,0.0
MUS,2010,0.0
MUS,2011,0.0
MUS,2012,0.0
MWI,2000,0.0
MWI,2001,0.0
MWI,2007,0.0
MWI,2009,0.0
MWI,2012,0.0
MYS,1995,0.0
MYS,1997,0.0
MYS,2000,0.0
MYS,2001,0.0
MYS,2002,0.0
MYS,2003,857.0
MYS,2004,880.0
MYS,2005,549.0
MYS,2006,359.0
MYS,2007,258.0
MYS,2008,180.0
MYS,2009,453.0
MYS,2010,216.0
MYS,2011,55.0
MYS,2012,52.0
NAM,1995,45.0
NAM,1997,1039.0
NAM,1998,863.0
NAM,1999,659.0
NAM,2000,824.0
NAM,2001,1558.0
NAM,2002,1759.0
NAM,2003,1685.0
NAM,2004,2298.0
NAM,2005,1914.0
NAM,2006,1478.0
NAM,2007,2677.0
NAM,2008,1852.0
NAM,2009,2007.0
NAM,2010,1735.0
NAM,2011,1479.0
NAM,2012,1052.0
NER,1997,0.0
NER,2007,0.0
NER,2008,0.0
NER,2010,0.0
NER,2012,0.0
NGA,2001,0.0
NGA,2002,5.0
NGA,2003,0.0
NGA,2004,0.0
NGA,2005,0.0
NGA,2006,0.0
NGA,2007,0.0
NGA,2008,0.0
NGA,2009,0.0
NGA,2010,0.0
NGA,2011,0.0
NIC,2000,0.0
NIC,2001,0.0
NIC,2004,0.0
NIC,2005,0.0
NIC,2006,0.0
NIC,2007,0.0
NIC,2008,0.0
NIC,2009,0.0
NIC,2010,0.0
NIC,2011,0.0
NIC,2012,0.0
NIU,1995,0.0
NIU,1997,0.0
NIU,2001,0.0
NIU,2002,0.0
NIU,2003,0.0
NIU,2004,0.0
NIU,2006,0.0
NIU,2007,0.0
NIU,2008,0.0
NIU,2009,0.0
NIU,2010,0.0
NIU,2011,0.0
NIU,2012,0.0
NLD,1995,991.0
NLD,1998,146.0
NLD,1999,265.0
NLD,2000,263.0
NLD,2001,264.0
NLD,2002,231.0
NLD,2003,272.0
NLD,2004,182.0
NLD,2005,254.0
NLD,2006,224.0
NLD,2007,168.0
NLD,2008,179.0
NLD,2009,172.0
NLD,2010,178.0
NLD,2011,169.0
NLD,2012,139.0
NOR,1998,76.0
NOR,1999,78.0
NOR,2000,83.0
NOR,2001,99.0
NOR,2002,82.0
NOR,2003,93.0
NOR,2004,84.0
NOR,2005,87.0
NOR,2006,92.0
NOR,2007,79.0
NOR,2008,48.0
NOR,2009,59.0
NOR,2010,60.0
NOR,2011,83.0
NPL,1997,0.0
NPL,2001,0.0
NPL,2004,0.0
NPL,2005,0.0
NPL,2006,0.0
NPL,2007,0.0
NPL,2010,0.0
NPL,2011,0.0
NPL,2012,0.0
NRU,1999,1.0
NRU,2000,0.0
NRU,2001,0.0
NRU,2002,0.0
NRU,2003,0.0
NRU,2006,2.0
NRU,2007,0.0
NRU,2008,0.0
NRU,2009,0.0
NRU,2010,0.0
NRU,2011,0.0
NZL,1995,104.0
NZL,1996,48.0
NZL,1997,181.0
NZL,1998,68.0
NZL,1999,59.0
NZL,2000,39.0
NZL,2001,56.0
NZL,2002,50.0
NZL,2003,50.0
NZL,2004,17.0
NZL,2005,24.0
NZL,2006,37.0
NZL,2007,28.0
NZL,2008,18.0
NZL,2009,17.0
NZL,2010,12.0
NZL,2011,19.0
NZL,2012,11.0
OMN,1995,0.0
OMN,1998,0.0
OMN,1999,0.0
OMN,2003,0.0
OMN,2007,0.0
OMN,2008,0.0
OMN,2009,0.0
OMN,2010,0.0
OMN,2011,0.0
OMN,2012,0.0
PAK,1995,557.0
PAK,1998,39822.0
PAK,1999,0.0
PAK,2000,73.0
PAK,2004,0.0
PAK,2007,0.0
PAK,2009,0.0
PAK,2010,0.0
PAK,2011,0.0
PAK,2012,0.0
PAN,1995,114.0
PAN,1997,155.0
PAN,1999,615.0
PAN,2000,175.0
PAN,2001,184.0
PAN,2005,153.0
PAN,2006,175.0
PAN,2007,196.0
PAN,2008,170.0
PAN,2009,191.0
PAN,2010,177.0
PAN,2011,152.0
PAN,2012,146.0
PER,1995,2352.0
PER,1998,931.0
PER,1999,773.0
PER,2000,912.0
PER,2001,925.0
PER,2002,1005.0
PER,2003,1020.0
PER,2004,1041.0
PER,2005,921.0
PER,2006,943.0
PER,2007,813.0
PER,2008,760.0
PER,2009,770.0
PER,2010,605.0
PER,2011,736.0
PER,2012,614.0
PHL,1995,10.0
PHL,1997,0.0
PHL,2002,0.0
PHL,2004,0.0
PHL,2005,0.0
PHL,2006,0.0
PHL,2007,0.0
PHL,2008,0.0
PHL,2009,0.0
PHL,2010,0.0
PHL,2012,0.0
PLW,1995,0.0
PLW,1999,0.0
PLW,2002,1.0
PLW,2003,0.0
PLW,2004,0.0
PLW,2005,0.0
PLW,2006,0.0
PLW,2007,0.0
PLW,2009,0.0
PLW,2010,0.0
PLW,2011,0.0
PLW,2012,0.0
PNG,1995,2191.0
PNG,1996,1059.0
PNG,1997,2695.0
PNG,1998,2161.0
PNG,1999,2563.0
PNG,2007,2649.0
PNG,2008,2684.0
PNG,2009,2804.0
PNG,2010,3946.0
PNG,2011,5139.0
PNG,2012,7149.0
POL,1997,0.0
POL,1998,431.0
POL,1999,0.0
POL,2000,0.0
POL,2001,0.0
POL,2002,55.0
POL,2003,44.0
POL,2004,216.0
POL,2005,98.0
POL,2006,66.0
POL,2007,207.0
POL,2008,179.0
POL,2009,328.0
POL,2010,261.0
POL,2011,453.0
POL,2012,358.0
PRK,1997,0.0
PRK,1999,607.0
PRK,2000,0.0
PRK,2001,0.0
PRK,2002,0.0
PRK,2003,0.0
PRK,2005,0.0
PRK,2008,0.0
PRK,2009,0.0
PRT,1995,1088.0
PRT,1998,0.0
PRT,1999,0.0
PRT,2000,299.0
PRT,2001,244.0
PRT,2002,352.0
PRT,2003,281.0
PRT,2004,547.0
PRT,2005,543.0
PRT,2006,508.0
PRT,2007,458.0
PRT,2008,573.0
PRT,2009,481.0
PRT,2010,443.0
PRT,2011,507.0
PRT,2012,491.0
PRY,1995,634.0
PRY,1997,587.0
PRY,1998,560.0
PRY,1999,621.0
PRY,2000,437.0
PRY,2001,593.0
PRY,2002,466.0
PRY,2003,382.0
PRY,2004,507.0
PRY,2005,366.0
PRY,2006,419.0
PRY,2007,385.0
PRY,2008,310.0
PRY,2009,193.0
PRY,2010,255.0
PRY,2011,227.0
PRY,2012,273.0
QAT,1995,0.0
QAT,1999,0.0
QAT,2000,0.0
QAT,2001,0.0
QAT,2004,0.0
QAT,2005,0.0
QAT,2006,0.0
QAT,2007,0.0
QAT,2008,0.0
QAT,2009,0.0
QAT,2010,0.0
QAT,2011,0.0
QAT,2012,217.0
ROU,1995,506.0
ROU,1996,399.0
ROU,1997,0.0
ROU,1998,421.0
ROU,1999,464.0
ROU,2000,21.0
ROU,2001,695.0
ROU,2002,2366.0
ROU,2003,856.0
ROU,2004,538.0
ROU,2005,429.0
ROU,2006,452.0
ROU,2007,428.0
ROU,2008,419.0
ROU,2009,261.0
ROU,2010,194.0
ROU,2011,121.0
ROU,2012,159.0
RUS,1997,0.0
RUS,1998,0.0
RUS,1999,0.0
RUS,2000,0.0
RUS,2001,0.0
RUS,2002,0.0
RUS,2003,0.0
RUS,2004,0.0
RUS,2007,0.0
RUS,2008,1629.0
RUS,2009,1805.0
RUS,2010,1299.0
RUS,2011,1189.0
RUS,2012,1039.0
RWA,1995,508.0
RWA,2001,141.0
RWA,2003,0.0
RWA,2005,0.0
RWA,2006,556.0
RWA,2007,423.0
RWA,2008,386.0
RWA,2009,387.0
RWA,2010,334.0
RWA,2011,331.0
RWA,2012,241.0
SAU,1997,0.0
SAU,1999,0.0
SAU,2000,92.0
SAU,2001,0.0
SAU,2002,0.0
SAU,2003,0.0
SAU,2004,0.0
SAU,2005,0.0
SAU,2006,0.0
SAU,2008,0.0
SAU,2010,0.0
SAU,2011,61.0
SAU,2012,57.0
SDN,1995,0.0
SDN,1997,0.0
SDN,1999,0.0
SDN,2001,0.0
SDN,2002,0.0
SDN,2003,0.0
SDN,2004,0.0
SDN,2005,0.0
SDN,2006,0.0
SDN,2007,240.0
SDN,2008,1027.0
SDN,2009,1548.0
SDN,2010,1894.0
SDN,2011,1452.0
SDN,2012,1344.0
SEN,1999,0.0
SEN,2000,0.0
SEN,2001,0.0
SEN,2002,0.0
SEN,2003,0.0
SEN,2007,0.0
SEN,2008,147.0
SEN,2009,150.0
SEN,2010,139.0
SEN,2011,147.0
SEN,2012,188.0
SGP,1995,267.0
SGP,1997,47.0
SGP,1998,167.0
SGP,1999,23.0
SGP,2000,74.0
SGP,2001,195.0
SGP,2002,402.0
SGP,2003,204.0
SGP,2004,177.0
SGP,2005,146.0
SGP,2006,75.0
SGP,2007,45.0
SGP,2008,50.0
SGP,2009,67.0
SGP,2010,61.0
SGP,2011,64.0
SGP,2012,126.0
SLB,1998,0.0
SLB,2000,0.0
SLB,2001,2.0
SLB,2002,0.0
SLB,2003,0.0
SLB,2004,0.0
SLB,2005,0.0
SLB,2006,0.0
SLB,2007,0.0
SLB,2008,0.0
SLB,2009,0.0
SLB,2010,0.0
SLB,2011,0.0
SLB,2012,0.0
SLE,1995,0.0
SLE,2000,398.0
SLE,2001,659.0
SLE,2002,429.0
SLE,2003,518.0
SLE,2004,352.0
SLE,2005,627.0
SLE,2006,1254.0
SLE,2007,1176.0
SLE,2008,1514.0
SLE,2009,1568.0
SLE,2010,1835.0
SLE,2011,1929.0
SLE,2012,1631.0
SLV,1995,2241.0
SLV,1997,0.0
SLV,1998,0.0
SLV,1999,0.0
SLV,2000,0.0
SLV,2001,0.0
SLV,2002,0.0
SLV,2003,0.0
SLV,2004,0.0
SLV,2005,0.0
SLV,2006,0.0
SLV,2007,0.0
SLV,2008,0.0
SLV,2009,0.0
SLV,2010,0.0
SLV,2011,0.0
SLV,2012,0.0
SMR,1999,0.0
SMR,2000,0.0
SMR,2001,0.0
SMR,2002,0.0
SMR,2003,0.0
SMR,2004,0.0
SOM,1995,0.0
SOM,1998,0.0
SOM,1999,0.0
SOM,2000,0.0
SOM,2002,0.0
SOM,2003,0.0
SOM,2004,0.0
SOM,2005,0.0
SOM,2006,0.0
SOM,2007,0.0
SOM,2008,0.0
SOM,2009,141.0
SOM,2010,1067.0
SOM,2011,1375.0
SOM,2012,1449.0
SRB,2005,274.0
SRB,2006,92.0
SRB,2007,36.0
SRB,2008,33.0
SRB,2009,19.0
SRB,2010,14.0
SRB,2011,24.0
SRB,2012,14.0
SSD,2011,896.0
SSD,2012,1180.0
STP,2000,15.0
STP,2001,20.0
STP,2002,10.0
STP,2003,100.0
STP,2004,25.0
STP,2005,2.0
STP,2006,0.0
STP,2007,1.0
STP,2008,2.0
STP,2009,4.0
STP,2010,13.0
STP,2011,4.0
STP,2012,3.0
SUR,1999,0.0
SUR,2000,2.0
SUR,2001,2.0
SUR,2002,3.0
SUR,2003,6.0
SUR,2004,1.0
SUR,2005,2.0
SUR,2006,3.0
SUR,2008,3.0
SUR,2009,0.0
SUR,2010,3.0
SUR,2011,3.0
SUR,2012,2.0
SVK,1998,5.0
SVK,1999,7.0
SVK,2000,2.0
SVK,2001,286.0
SVK,2002,312.0
SVK,2003,8.0
SVK,2004,13.0
SVK,2005,11.0
SVK,2006,3.0
SVK,2007,14.0
SVK,2008,13.0
SVK,2009,14.0
SVK,2010,5.0
SVK,2011,0.0
SVK,2012,7.0
SVN,1995,17.0
SVN,1998,21.0
SVN,1999,23.0
SVN,2000,23.0
SVN,2001,23.0
SVN,2002,27.0
SVN,2003,22.0
SVN,2004,20.0
SVN,2005,28.0
SVN,2006,25.0
SVN,2007,14.0
SVN,2008,21.0
SVN,2009,13.0
SVN,2010,15.0
SVN,2011,15.0
SVN,2012,15.0
SWE,1995,115.0
SWE,1996,112.0
SWE,1997,109.0
SWE,1998,88.0
SWE,1999,97.0
SWE,2000,82.0
SWE,2001,94.0
SWE,2002,92.0
SWE,2003,61.0
SWE,2004,89.0
SWE,2005,103.0
SWE,2006,92.0
SWE,2007,62.0
SWE,2008,43.0
SWE,2009,53.0
SWE,2010,59.0
SWE,2011,39.0
SWE,2012,51.0
SWZ,1995,687.0
SWZ,2000,248.0
SWZ,2001,3542.0
SWZ,2002,4216.0
SWZ,2004,3842.0
SWZ,2005,3476.0
SWZ,2006,3072.0
SWZ,2007,2824.0
SWZ,2008,1862.0
SWZ,2009,1964.0
SWZ,2010,2909.0
SWZ,2011,2398.0
SWZ,2012,1572.0
SYC,1995,0.0
SYC,2000,0.0
SYC,2001,0.0
SYC,2002,0.0
SYC,2003,0.0
SYC,2004,0.0
SYC,2005,0.0
SYC,2008,0.0
SYC,2009,0.0
SYC,2010,0.0
SYC,2011,0.0
SYC,2012,0.0
SYR,1996,0.0
SYR,1997,0.0
SYR,1999,0.0
SYR,2000,0.0
SYR,2002,0.0
SYR,2003,0.0
SYR,2004,0.0
SYR,2005,0.0
SYR,2006,0.0
SYR,2007,0.0
SYR,2008,201.0
SYR,2009,121.0
SYR,2010,91.0
SYR,2011,0.0
SYR,2012,60.0
TCD,2002,0.0
TCD,2004,0.0
TCD,2008,0.0
TCD,2009,0.0
TCD,2010,1322.0
TCD,2011,1412.0
TCD,2012,1452.0
TGO,1995,45.0
TGO,1998,0.0
TGO,1999,0.0
TGO,2000,0.0
TGO,2002,0.0
TGO,2004,14.0
TGO,2005,7.0
TGO,2006,0.0
TGO,2007,0.0
TGO,2008,0.0
TGO,2009,0.0
TGO,2010,0.0
TGO,2011,0.0
TGO,2012,0.0
THA,1995,4234.0
THA,1996,0.0
THA,1997,4071.0
THA,1998,0.0
THA,1999,0.0
THA,2000,0.0
THA,2001,0.0
TJK,1995,617.0
TJK,1996,677.0
TJK,1998,553.0
TJK,2001,765.0
TJK,2002,0.0
TJK,2004,1434.0
TJK,2005,582.0
TJK,2006,124.0
TJK,2007,0.0
TJK,2010,0.0
TJK,2011,0.0
TJK,2012,0.0
TKM,1997,0.0
TKM,1998,0.0
TKM,1999,0.0
TKM,2000,0.0
TKM,2001,462.0
TKM,2002,199.0
TKM,2003,0.0
TKM,2004,0.0
TKM,2005,0.0
TKM,2006,0.0
TKM,2007,0.0
TKM,2008,0.0
TLS,2002,0.0
TLS,2003,0.0
TLS,2004,403.0
TLS,2007,0.0
TLS,2009,0.0
TLS,2011,0.0
TLS,2012,0.0
TON,1995,0.0
TON,1999,0.0
TON,2000,0.0
TON,2001,1.0
TON,2002,0.0
TON,2003,0.0
TON,2004,0.0
TON,2006,0.0
TON,2007,0.0
TON,2008,0.0
TON,2009,0.0
TON,2010,0.0
TON,2011,0.0
TON,2012,0.0
TTO,1995,5.0
TTO,1996,40.0
TTO,1997,140.0
TTO,1998,16.0
TTO,1999,9.0
TTO,2000,11.0
TTO,2001,19.0
TTO,2002,11.0
TTO,2003,8.0
TTO,2004,8.0
TTO,2005,4.0
TTO,2006,9.0
TTO,2007,10.0
TTO,2008,29.0
TTO,2009,21.0
TTO,2010,0.0
TTO,2011,4.0
TTO,2012,3.0
TUN,1998,0.0
TUN,1999,0.0
TUN,2000,0.0
TUN,2001,0.0
TUN,2002,0.0
TUN,2003,0.0
TUN,2004,0.0
TUN,2005,0.0
TUN,2007,0.0
TUN,2011,66.0
TUN,2012,103.0
TUR,1995,12493.0
TUR,1996,12035.0
TUR,1997,9971.0
TUR,1998,9318.0
TUR,1999,7466.0
TUR,2000,5527.0
TUR,2001,0.0
TUR,2004,22.0
TUR,2005,2867.0
TUR,2006,2092.0
TUR,2007,1342.0
TUR,2008,1292.0
TUR,2009,1728.0
TUR,2010,1731.0
TUR,2011,1553.0
TUR,2012,1404.0
TUV,1995,2.0
TUV,1998,15.0
TUV,1999,10.0
TUV,2000,7.0
TUV,2001,10.0
TUV,2002,8.0
TUV,2003,17.0
TUV,2005,1.0
TUV,2006,0.0
TUV,2007,0.0
TUV,2008,0.0
TUV,2009,0.0
TUV,2010,0.0
TUV,2011,0.0
TUV,2012,0.0
TZA,2000,0.0
TZA,2005,0.0
TZA,2009,0.0
TZA,2010,0.0
TZA,2011,0.0
TZA,2012,0.0
UGA,1995,0.0
UGA,1999,3853.0
UGA,2000,0.0
UGA,2001,5341.0
UGA,2002,6256.0
UGA,2003,5574.0
UGA,2004,4449.0
UGA,2005,2701.0
UGA,2006,2960.0
UGA,2007,2734.0
UGA,2008,2074.0
UGA,2009,2016.0
UGA,2010,1958.0
UGA,2011,1559.0
UGA,2012,1783.0
UKR,1997,0.0
UKR,1998,0.0
UKR,1999,0.0
UKR,2007,0.0
UKR,2009,0.0
UKR,2010,0.0
URY,1995,58.0
URY,1998,57.0
URY,2000,27.0
URY,2001,23.0
URY,2002,24.0
URY,2004,104.0
URY,2005,0.0
URY,2006,0.0
URY,2007,0.0
URY,2008,8.0
URY,2009,0.0
URY,2010,0.0
URY,2011,0.0
URY,2012,0.0
USA,1993,3814.0
USA,1994,3440.0
USA,1995,3082.0
USA,1996,2581.0
USA,1997,2388.0
USA,1998,2139.0
USA,1999,2130.0
USA,2000,1857.0
USA,2001,1751.0
USA,2002,1670.0
USA,2003,1562.0
USA,2004,1359.0
USA,2005,1291.0
USA,2006,1228.0
USA,2007,1202.0
USA,2008,1143.0
USA,2009,1083.0
USA,2010,1115.0
USA,2011,912.0
USA,2012,846.0
UZB,1997,0.0
UZB,1998,0.0
UZB,1999,0.0
UZB,2000,0.0
UZB,2001,26.0
UZB,2002,1594.0
UZB,2003,0.0
UZB,2004,0.0
UZB,2007,0.0
UZB,2008,0.0
UZB,2010,0.0
UZB,2011,0.0
UZB,2012,0.0
VCT,1995,0.0
VCT,2000,0.0
VCT,2001,0.0
VCT,2002,0.0
VCT,2003,0.0
VCT,2004,0.0
VCT,2005,0.0
VCT,2006,0.0
VCT,2007,3.0
VCT,2008,0.0
VCT,2009,4.0
VCT,2010,0.0
VCT,2011,4.0
VCT,2012,0.0
VEN,1995,280.0
VEN,2000,0.0
VEN,2001,265.0
VEN,2002,0.0
VEN,2003,0.0
VEN,2004,0.0
VEN,2005,379.0
VEN,2006,309.0
VEN,2007,432.0
VEN,2008,340.0
VEN,2009,357.0
VEN,2010,306.0
VEN,2011,287.0
VEN,2012,174.0
VNM,1997,0.0
VNM,2000,0.0
VNM,2002,0.0
VNM,2003,0.0
VNM,2004,0.0
VNM,2005,0.0
VNM,2008,0.0
VNM,2009,0.0
VNM,2010,0.0
VUT,1995,1.0
VUT,1996,1.0
VUT,1997,0.0
VUT,1998,1.0
VUT,1999,0.0
VUT,2000,0.0
VUT,2001,0.0
VUT,2002,0.0
VUT,2003,0.0
VUT,2004,1.0
VUT,2005,0.0
VUT,2006,0.0
VUT,2007,0.0
VUT,2008,0.0
VUT,2009,0.0
VUT,2010,0.0
VUT,2011,0.0
VUT,2012,0.0
WSM,1995,3.0
WSM,1998,0.0
WSM,1999,0.0
WSM,2000,4.0
WSM,2001,0.0
WSM,2002,0.0
WSM,2003,0.0
WSM,2005,0.0
WSM,2006,0.0
WSM,2008,0.0
WSM,2009,0.0
WSM,2010,0.0
WSM,2011,0.0
WSM,2012,0.0
YEM,1995,0.0
YEM,1997,0.0
YEM,1998,0.0
YEM,1999,0.0
YEM,2000,0.0
YEM,2001,0.0
YEM,2004,421.0
YEM,2005,360.0
YEM,2006,0.0
YEM,2007,0.0
YEM,2008,0.0
YEM,2009,0.0
YEM,2010,552.0
YEM,2011,555.0
YEM,2012,474.0
ZAF,1995,73240.0
ZAF,1996,15378.0
ZAF,1997,15000.0
ZAF,1998,11200.0
ZAF,1999,11247.0
ZAF,2000,9030.0
ZAF,2001,21594.0
ZAF,2002,45802.0
ZAF,2003,40459.0
ZAF,2004,50432.0
ZAF,2005,52877.0
ZAF,2006,63004.0
ZAF,2007,70845.0
ZAF,2008,84575.0
ZAF,2009,92104.0
ZAF,2010,87080.0
ZAF,2011,77925.0
ZAF,2012,71421.0
ZMB,2000,0.0
ZMB,2001,0.0
ZMB,2002,8662.0
ZMB,2007,0.0
ZMB,2008,0.0
ZMB,2009,0.0
ZMB,2010,0.0
ZWE,1995,0.0
ZWE,1996,6902.0
ZWE,1997,6705.0
ZWE,1998,9232.0
ZWE,1999,11774.0
ZWE,2000,11547.0
ZWE,2001,12321.0
ZWE,2002,14831.0
ZWE,2003,12194.0
ZWE,2004,15430.0
ZWE,2005,14059.0
ZWE,2006,10686.0
ZWE,2007,11095.0
ZWE,2008,9174.0
ZWE,2009,10212.0
ZWE,2010,6816.0
ZWE,2011,3869.0
ZWE,2012,2962.0
