country,year,hemoglobinlevel_reproductiveage_mean
afg,2000,123
afg,2001,123
afg,2002,123
afg,2003,123
afg,2004,123
afg,2005,123
afg,2006,123
afg,2007,122
afg,2008,122
afg,2009,122
afg,2010,122
afg,2011,122
afg,2012,122
afg,2013,122
afg,2014,122
afg,2015,121
afg,2016,121
afg,2017,121
afg,2018,121
afg,2019,120
ago,2000,117
ago,2001,117
ago,2002,117
ago,2003,117
ago,2004,117
ago,2005,118
ago,2006,118
ago,2007,118
ago,2008,118
ago,2009,119
ago,2010,119
ago,2011,119
ago,2012,119
ago,2013,119
ago,2014,120
ago,2015,120
ago,2016,120
ago,2017,120
ago,2018,120
ago,2019,120
alb,2000,126
alb,2001,126
alb,2002,127
alb,2003,127
alb,2004,127
alb,2005,127
alb,2006,127
alb,2007,128
alb,2008,128
alb,2009,128
alb,2010,128
alb,2011,128
alb,2012,128
alb,2013,128
alb,2014,128
alb,2015,127
alb,2016,127
alb,2017,127
alb,2018,127
alb,2019,127
and,2000,132
and,2001,132
and,2002,132
and,2003,132
and,2004,132
and,2005,132
and,2006,132
and,2007,132
and,2008,132
and,2009,132
and,2010,132
and,2011,132
and,2012,132
and,2013,132
and,2014,132
and,2015,131
and,2016,131
and,2017,131
and,2018,131
and,2019,131
are,2000,127
are,2001,127
are,2002,127
are,2003,127
are,2004,127
are,2005,128
are,2006,127
are,2007,127
are,2008,127
are,2009,127
are,2010,127
are,2011,127
are,2012,127
are,2013,127
are,2014,127
are,2015,127
are,2016,127
are,2017,127
are,2018,127
are,2019,127
arg,2000,130
arg,2001,130
arg,2002,130
arg,2003,130
arg,2004,130
arg,2005,130
arg,2006,130
arg,2007,131
arg,2008,131
arg,2009,131
arg,2010,131
arg,2011,131
arg,2012,132
arg,2013,132
arg,2014,132
arg,2015,132
arg,2016,132
arg,2017,132
arg,2018,132
arg,2019,132
arm,2000,129
arm,2001,129
arm,2002,129
arm,2003,129
arm,2004,129
arm,2005,129
arm,2006,129
arm,2007,129
arm,2008,130
arm,2009,130
arm,2010,130
arm,2011,130
arm,2012,130
arm,2013,130
arm,2014,130
arm,2015,130
arm,2016,130
arm,2017,130
arm,2018,130
arm,2019,130
atg,2000,129
atg,2001,129
atg,2002,129
atg,2003,129
atg,2004,129
atg,2005,130
atg,2006,130
atg,2007,130
atg,2008,130
atg,2009,131
atg,2010,131
atg,2011,131
atg,2012,131
atg,2013,131
atg,2014,131
atg,2015,131
atg,2016,131
atg,2017,131
atg,2018,131
atg,2019,130
aus,2000,133
aus,2001,133
aus,2002,133
aus,2003,133
aus,2004,133
aus,2005,133
aus,2006,133
aus,2007,133
aus,2008,133
aus,2009,133
aus,2010,133
aus,2011,133
aus,2012,133
aus,2013,133
aus,2014,133
aus,2015,133
aus,2016,133
aus,2017,133
aus,2018,133
aus,2019,133
aut,2000,131
aut,2001,131
aut,2002,131
aut,2003,131
aut,2004,131
aut,2005,131
aut,2006,131
aut,2007,131
aut,2008,131
aut,2009,131
aut,2010,131
aut,2011,131
aut,2012,131
aut,2013,131
aut,2014,131
aut,2015,131
aut,2016,131
aut,2017,131
aut,2018,131
aut,2019,131
aze,2000,121
aze,2001,121
aze,2002,121
aze,2003,121
aze,2004,121
aze,2005,122
aze,2006,122
aze,2007,122
aze,2008,122
aze,2009,123
aze,2010,123
aze,2011,123
aze,2012,123
aze,2013,123
aze,2014,123
aze,2015,123
aze,2016,123
aze,2017,123
aze,2018,123
aze,2019,123
bdi,2000,123
bdi,2001,124
bdi,2002,124
bdi,2003,124
bdi,2004,125
bdi,2005,125
bdi,2006,125
bdi,2007,125
bdi,2008,126
bdi,2009,126
bdi,2010,126
bdi,2011,126
bdi,2012,125
bdi,2013,125
bdi,2014,125
bdi,2015,124
bdi,2016,124
bdi,2017,123
bdi,2018,123
bdi,2019,122
bel,2000,131
bel,2001,131
bel,2002,131
bel,2003,131
bel,2004,131
bel,2005,131
bel,2006,131
bel,2007,131
bel,2008,131
bel,2009,131
bel,2010,131
bel,2011,131
bel,2012,131
bel,2013,131
bel,2014,131
bel,2015,131
bel,2016,131
bel,2017,131
bel,2018,131
bel,2019,130
ben,2000,113
ben,2001,113
ben,2002,113
ben,2003,113
ben,2004,113
ben,2005,114
ben,2006,114
ben,2007,114
ben,2008,115
ben,2009,115
ben,2010,115
ben,2011,116
ben,2012,116
ben,2013,116
ben,2014,116
ben,2015,116
ben,2016,116
ben,2017,116
ben,2018,116
ben,2019,116
bfa,2000,115
bfa,2001,115
bfa,2002,115
bfa,2003,115
bfa,2004,115
bfa,2005,115
bfa,2006,116
bfa,2007,116
bfa,2008,116
bfa,2009,116
bfa,2010,116
bfa,2011,116
bfa,2012,116
bfa,2013,116
bfa,2014,117
bfa,2015,117
bfa,2016,117
bfa,2017,117
bfa,2018,117
bfa,2019,117
bgd,2000,123
bgd,2001,123
bgd,2002,123
bgd,2003,123
bgd,2004,123
bgd,2005,123
bgd,2006,123
bgd,2007,123
bgd,2008,123
bgd,2009,123
bgd,2010,123
bgd,2011,123
bgd,2012,123
bgd,2013,123
bgd,2014,123
bgd,2015,123
bgd,2016,123
bgd,2017,123
bgd,2018,123
bgd,2019,123
bgr,2000,128
bgr,2001,128
bgr,2002,128
bgr,2003,128
bgr,2004,128
bgr,2005,128
bgr,2006,128
bgr,2007,128
bgr,2008,128
bgr,2009,128
bgr,2010,128
bgr,2011,128
bgr,2012,128
bgr,2013,128
bgr,2014,128
bgr,2015,128
bgr,2016,128
bgr,2017,128
bgr,2018,128
bgr,2019,128
bhr,2000,121
bhr,2001,121
bhr,2002,121
bhr,2003,121
bhr,2004,122
bhr,2005,122
bhr,2006,122
bhr,2007,122
bhr,2008,123
bhr,2009,123
bhr,2010,123
bhr,2011,123
bhr,2012,123
bhr,2013,123
bhr,2014,123
bhr,2015,123
bhr,2016,123
bhr,2017,123
bhr,2018,123
bhr,2019,124
bhs,2000,131
bhs,2001,131
bhs,2002,131
bhs,2003,131
bhs,2004,132
bhs,2005,132
bhs,2006,132
bhs,2007,132
bhs,2008,132
bhs,2009,132
bhs,2010,132
bhs,2011,132
bhs,2012,132
bhs,2013,132
bhs,2014,132
bhs,2015,132
bhs,2016,132
bhs,2017,132
bhs,2018,132
bhs,2019,132
bih,2000,127
bih,2001,127
bih,2002,127
bih,2003,127
bih,2004,127
bih,2005,127
bih,2006,127
bih,2007,127
bih,2008,127
bih,2009,127
bih,2010,128
bih,2011,127
bih,2012,128
bih,2013,128
bih,2014,128
bih,2015,128
bih,2016,128
bih,2017,128
bih,2018,128
bih,2019,127
blr,2000,129
blr,2001,129
blr,2002,129
blr,2003,129
blr,2004,129
blr,2005,129
blr,2006,129
blr,2007,129
blr,2008,129
blr,2009,130
blr,2010,130
blr,2011,130
blr,2012,130
blr,2013,130
blr,2014,130
blr,2015,129
blr,2016,129
blr,2017,129
blr,2018,129
blr,2019,129
blz,2000,126
blz,2001,127
blz,2002,127
blz,2003,127
blz,2004,127
blz,2005,128
blz,2006,128
blz,2007,128
blz,2008,128
blz,2009,128
blz,2010,129
blz,2011,129
blz,2012,129
blz,2013,129
blz,2014,129
blz,2015,129
blz,2016,129
blz,2017,129
blz,2018,129
blz,2019,129
bol,2000,125
bol,2001,125
bol,2002,125
bol,2003,125
bol,2004,125
bol,2005,125
bol,2006,125
bol,2007,125
bol,2008,125
bol,2009,126
bol,2010,126
bol,2011,126
bol,2012,126
bol,2013,127
bol,2014,127
bol,2015,127
bol,2016,128
bol,2017,128
bol,2018,128
bol,2019,128
bra,2000,127
bra,2001,127
bra,2002,128
bra,2003,128
bra,2004,128
bra,2005,128
bra,2006,128
bra,2007,129
bra,2008,129
bra,2009,130
bra,2010,130
bra,2011,130
bra,2012,131
bra,2013,131
bra,2014,131
bra,2015,131
bra,2016,131
bra,2017,131
bra,2018,131
bra,2019,131
brb,2000,130
brb,2001,130
brb,2002,130
brb,2003,130
brb,2004,130
brb,2005,130
brb,2006,130
brb,2007,130
brb,2008,131
brb,2009,131
brb,2010,131
brb,2011,131
brb,2012,131
brb,2013,131
brb,2014,131
brb,2015,131
brb,2016,131
brb,2017,131
brb,2018,131
brb,2019,131
brn,2000,129
brn,2001,129
brn,2002,129
brn,2003,130
brn,2004,130
brn,2005,130
brn,2006,130
brn,2007,130
brn,2008,130
brn,2009,130
brn,2010,130
brn,2011,130
brn,2012,130
brn,2013,130
brn,2014,130
brn,2015,130
brn,2016,130
brn,2017,130
brn,2018,130
brn,2019,130
btn,2000,120
btn,2001,120
btn,2002,120
btn,2003,120
btn,2004,120
btn,2005,121
btn,2006,121
btn,2007,121
btn,2008,121
btn,2009,121
btn,2010,122
btn,2011,122
btn,2012,122
btn,2013,122
btn,2014,122
btn,2015,122
btn,2016,122
btn,2017,122
btn,2018,122
btn,2019,122
bwa,2000,123
bwa,2001,123
bwa,2002,123
bwa,2003,124
bwa,2004,124
bwa,2005,124
bwa,2006,124
bwa,2007,124
bwa,2008,125
bwa,2009,125
bwa,2010,125
bwa,2011,125
bwa,2012,125
bwa,2013,125
bwa,2014,125
bwa,2015,125
bwa,2016,125
bwa,2017,125
bwa,2018,125
bwa,2019,125
caf,2000,117
caf,2001,117
caf,2002,117
caf,2003,118
caf,2004,118
caf,2005,118
caf,2006,118
caf,2007,118
caf,2008,118
caf,2009,118
caf,2010,118
caf,2011,119
caf,2012,119
caf,2013,119
caf,2014,119
caf,2015,119
caf,2016,119
caf,2017,119
caf,2018,119
caf,2019,119
can,2000,133
can,2001,133
can,2002,133
can,2003,133
can,2004,133
can,2005,133
can,2006,133
can,2007,133
can,2008,133
can,2009,133
can,2010,133
can,2011,133
can,2012,133
can,2013,132
can,2014,132
can,2015,132
can,2016,132
can,2017,132
can,2018,132
can,2019,132
che,2000,132
che,2001,132
che,2002,132
che,2003,132
che,2004,132
che,2005,132
che,2006,132
che,2007,132
che,2008,132
che,2009,132
che,2010,132
che,2011,132
che,2012,132
che,2013,132
che,2014,132
che,2015,132
che,2016,132
che,2017,132
che,2018,131
che,2019,131
chl,2000,134
chl,2001,134
chl,2002,134
chl,2003,134
chl,2004,134
chl,2005,134
chl,2006,134
chl,2007,134
chl,2008,134
chl,2009,134
chl,2010,134
chl,2011,134
chl,2012,134
chl,2013,134
chl,2014,134
chl,2015,134
chl,2016,134
chl,2017,134
chl,2018,134
chl,2019,134
chn,2000,130
chn,2001,130
chn,2002,130
chn,2003,131
chn,2004,131
chn,2005,131
chn,2006,131
chn,2007,132
chn,2008,132
chn,2009,132
chn,2010,132
chn,2011,132
chn,2012,133
chn,2013,133
chn,2014,133
chn,2015,133
chn,2016,133
chn,2017,133
chn,2018,133
chn,2019,133
civ,2000,116
civ,2001,116
civ,2002,116
civ,2003,116
civ,2004,116
civ,2005,116
civ,2006,116
civ,2007,116
civ,2008,116
civ,2009,116
civ,2010,117
civ,2011,117
civ,2012,117
civ,2013,117
civ,2014,117
civ,2015,117
civ,2016,117
civ,2017,117
civ,2018,117
civ,2019,117
cmr,2000,120
cmr,2001,120
cmr,2002,120
cmr,2003,120
cmr,2004,120
cmr,2005,120
cmr,2006,120
cmr,2007,121
cmr,2008,121
cmr,2009,121
cmr,2010,121
cmr,2011,121
cmr,2012,121
cmr,2013,121
cmr,2014,121
cmr,2015,121
cmr,2016,121
cmr,2017,121
cmr,2018,121
cmr,2019,121
cod,2000,116
cod,2001,116
cod,2002,116
cod,2003,117
cod,2004,117
cod,2005,117
cod,2006,117
cod,2007,117
cod,2008,118
cod,2009,118
cod,2010,118
cod,2011,119
cod,2012,119
cod,2013,119
cod,2014,120
cod,2015,120
cod,2016,120
cod,2017,120
cod,2018,121
cod,2019,121
cog,2000,115
cog,2001,115
cog,2002,115
cog,2003,115
cog,2004,115
cog,2005,116
cog,2006,116
cog,2007,116
cog,2008,116
cog,2009,116
cog,2010,117
cog,2011,117
cog,2012,117
cog,2013,117
cog,2014,118
cog,2015,118
cog,2016,118
cog,2017,118
cog,2018,119
cog,2019,119
cok,2000,127
cok,2001,127
cok,2002,127
cok,2003,127
cok,2004,127
cok,2005,127
cok,2006,127
cok,2007,127
cok,2008,127
cok,2009,127
cok,2010,127
cok,2011,127
cok,2012,127
cok,2013,127
cok,2014,127
cok,2015,127
cok,2016,127
cok,2017,127
cok,2018,127
cok,2019,126
col,2000,125
col,2001,125
col,2002,126
col,2003,126
col,2004,126
col,2005,126
col,2006,127
col,2007,127
col,2008,127
col,2009,128
col,2010,128
col,2011,129
col,2012,129
col,2013,129
col,2014,129
col,2015,129
col,2016,129
col,2017,129
col,2018,129
col,2019,129
com,2000,122
com,2001,123
com,2002,123
com,2003,123
com,2004,123
com,2005,123
com,2006,124
com,2007,124
com,2008,124
com,2009,124
com,2010,124
com,2011,125
com,2012,125
com,2013,125
com,2014,125
com,2015,125
com,2016,124
com,2017,124
com,2018,124
com,2019,124
cpv,2000,124
cpv,2001,125
cpv,2002,125
cpv,2003,125
cpv,2004,125
cpv,2005,125
cpv,2006,126
cpv,2007,126
cpv,2008,126
cpv,2009,126
cpv,2010,126
cpv,2011,126
cpv,2012,126
cpv,2013,127
cpv,2014,127
cpv,2015,127
cpv,2016,127
cpv,2017,127
cpv,2018,127
cpv,2019,127
cri,2000,130
cri,2001,130
cri,2002,130
cri,2003,131
cri,2004,131
cri,2005,131
cri,2006,131
cri,2007,131
cri,2008,132
cri,2009,132
cri,2010,132
cri,2011,132
cri,2012,132
cri,2013,132
cri,2014,132
cri,2015,132
cri,2016,132
cri,2017,132
cri,2018,132
cri,2019,131
cub,2000,126
cub,2001,126
cub,2002,126
cub,2003,127
cub,2004,127
cub,2005,127
cub,2006,128
cub,2007,128
cub,2008,128
cub,2009,129
cub,2010,129
cub,2011,129
cub,2012,129
cub,2013,129
cub,2014,130
cub,2015,130
cub,2016,130
cub,2017,130
cub,2018,130
cub,2019,130
cyp,2000,131
cyp,2001,131
cyp,2002,131
cyp,2003,131
cyp,2004,131
cyp,2005,131
cyp,2006,131
cyp,2007,131
cyp,2008,131
cyp,2009,131
cyp,2010,131
cyp,2011,131
cyp,2012,131
cyp,2013,131
cyp,2014,131
cyp,2015,131
cyp,2016,131
cyp,2017,131
cyp,2018,131
cyp,2019,131
cze,2000,129
cze,2001,129
cze,2002,129
cze,2003,129
cze,2004,129
cze,2005,129
cze,2006,129
cze,2007,129
cze,2008,129
cze,2009,129
cze,2010,129
cze,2011,129
cze,2012,129
cze,2013,129
cze,2014,129
cze,2015,129
cze,2016,129
cze,2017,129
cze,2018,129
cze,2019,129
deu,2000,132
deu,2001,132
deu,2002,132
deu,2003,132
deu,2004,132
deu,2005,132
deu,2006,132
deu,2007,132
deu,2008,132
deu,2009,132
deu,2010,132
deu,2011,132
deu,2012,132
deu,2013,132
deu,2014,132
deu,2015,132
deu,2016,132
deu,2017,131
deu,2018,131
deu,2019,131
dji,2000,123
dji,2001,123
dji,2002,124
dji,2003,124
dji,2004,124
dji,2005,125
dji,2006,125
dji,2007,125
dji,2008,125
dji,2009,126
dji,2010,126
dji,2011,126
dji,2012,126
dji,2013,126
dji,2014,125
dji,2015,125
dji,2016,125
dji,2017,125
dji,2018,125
dji,2019,125
dma,2000,127
dma,2001,128
dma,2002,128
dma,2003,128
dma,2004,128
dma,2005,129
dma,2006,129
dma,2007,129
dma,2008,129
dma,2009,129
dma,2010,129
dma,2011,129
dma,2012,129
dma,2013,129
dma,2014,129
dma,2015,129
dma,2016,129
dma,2017,129
dma,2018,129
dma,2019,129
dnk,2000,131
dnk,2001,131
dnk,2002,131
dnk,2003,131
dnk,2004,131
dnk,2005,131
dnk,2006,131
dnk,2007,131
dnk,2008,131
dnk,2009,131
dnk,2010,131
dnk,2011,131
dnk,2012,131
dnk,2013,131
dnk,2014,131
dnk,2015,131
dnk,2016,131
dnk,2017,131
dnk,2018,131
dnk,2019,131
dom,2000,123
dom,2001,123
dom,2002,123
dom,2003,124
dom,2004,124
dom,2005,124
dom,2006,125
dom,2007,125
dom,2008,125
dom,2009,126
dom,2010,126
dom,2011,126
dom,2012,126
dom,2013,126
dom,2014,126
dom,2015,127
dom,2016,127
dom,2017,127
dom,2018,127
dom,2019,127
dza,2000,122
dza,2001,123
dza,2002,123
dza,2003,123
dza,2004,123
dza,2005,123
dza,2006,123
dza,2007,123
dza,2008,123
dza,2009,124
dza,2010,124
dza,2011,124
dza,2012,124
dza,2013,124
dza,2014,124
dza,2015,124
dza,2016,124
dza,2017,124
dza,2018,124
dza,2019,124
ecu,2000,126
ecu,2001,126
ecu,2002,126
ecu,2003,127
ecu,2004,127
ecu,2005,127
ecu,2006,127
ecu,2007,128
ecu,2008,128
ecu,2009,128
ecu,2010,128
ecu,2011,128
ecu,2012,129
ecu,2013,129
ecu,2014,129
ecu,2015,129
ecu,2016,129
ecu,2017,129
ecu,2018,129
ecu,2019,129
egy,2000,123
egy,2001,123
egy,2002,123
egy,2003,123
egy,2004,123
egy,2005,123
egy,2006,124
egy,2007,124
egy,2008,124
egy,2009,124
egy,2010,124
egy,2011,124
egy,2012,125
egy,2013,125
egy,2014,125
egy,2015,125
egy,2016,125
egy,2017,125
egy,2018,125
egy,2019,126
eri,2000,121
eri,2001,121
eri,2002,121
eri,2003,122
eri,2004,122
eri,2005,122
eri,2006,122
eri,2007,122
eri,2008,123
eri,2009,123
eri,2010,123
eri,2011,123
eri,2012,123
eri,2013,123
eri,2014,123
eri,2015,123
eri,2016,123
eri,2017,123
eri,2018,123
eri,2019,123
esp,2000,132
esp,2001,132
esp,2002,132
esp,2003,132
esp,2004,132
esp,2005,132
esp,2006,132
esp,2007,131
esp,2008,131
esp,2009,131
esp,2010,131
esp,2011,131
esp,2012,131
esp,2013,131
esp,2014,131
esp,2015,131
esp,2016,131
esp,2017,131
esp,2018,131
esp,2019,131
est,2000,129
est,2001,129
est,2002,129
est,2003,129
est,2004,129
est,2005,129
est,2006,129
est,2007,129
est,2008,129
est,2009,129
est,2010,129
est,2011,129
est,2012,129
est,2013,129
est,2014,128
est,2015,128
est,2016,128
est,2017,128
est,2018,128
est,2019,128
eth,2000,125
eth,2001,125
eth,2002,125
eth,2003,126
eth,2004,126
eth,2005,127
eth,2006,127
eth,2007,128
eth,2008,128
eth,2009,129
eth,2010,129
eth,2011,129
eth,2012,129
eth,2013,129
eth,2014,129
eth,2015,129
eth,2016,129
eth,2017,128
eth,2018,128
eth,2019,128
fin,2000,132
fin,2001,132
fin,2002,132
fin,2003,132
fin,2004,132
fin,2005,132
fin,2006,132
fin,2007,132
fin,2008,132
fin,2009,132
fin,2010,132
fin,2011,132
fin,2012,132
fin,2013,132
fin,2014,132
fin,2015,132
fin,2016,132
fin,2017,132
fin,2018,132
fin,2019,132
fji,2000,123
fji,2001,123
fji,2002,123
fji,2003,123
fji,2004,123
fji,2005,123
fji,2006,123
fji,2007,123
fji,2008,124
fji,2009,124
fji,2010,124
fji,2011,124
fji,2012,124
fji,2013,124
fji,2014,124
fji,2015,124
fji,2016,124
fji,2017,124
fji,2018,124
fji,2019,124
fra,2000,133
fra,2001,133
fra,2002,133
fra,2003,133
fra,2004,133
fra,2005,133
fra,2006,133
fra,2007,132
fra,2008,132
fra,2009,132
fra,2010,132
fra,2011,132
fra,2012,132
fra,2013,132
fra,2014,132
fra,2015,132
fra,2016,132
fra,2017,132
fra,2018,132
fra,2019,132
fsm,2000,129
fsm,2001,129
fsm,2002,129
fsm,2003,129
fsm,2004,129
fsm,2005,129
fsm,2006,129
fsm,2007,128
fsm,2008,128
fsm,2009,128
fsm,2010,128
fsm,2011,128
fsm,2012,128
fsm,2013,128
fsm,2014,128
fsm,2015,128
fsm,2016,128
fsm,2017,128
fsm,2018,127
fsm,2019,127
gab,2000,114
gab,2001,114
gab,2002,114
gab,2003,114
gab,2004,114
gab,2005,114
gab,2006,115
gab,2007,115
gab,2008,115
gab,2009,115
gab,2010,115
gab,2011,116
gab,2012,116
gab,2013,116
gab,2014,116
gab,2015,116
gab,2016,117
gab,2017,117
gab,2018,117
gab,2019,117
gbr,2000,132
gbr,2001,132
gbr,2002,132
gbr,2003,132
gbr,2004,132
gbr,2005,132
gbr,2006,132
gbr,2007,132
gbr,2008,132
gbr,2009,132
gbr,2010,132
gbr,2011,132
gbr,2012,132
gbr,2013,132
gbr,2014,132
gbr,2015,132
gbr,2016,132
gbr,2017,132
gbr,2018,132
gbr,2019,132
geo,2000,125
geo,2001,125
geo,2002,125
geo,2003,125
geo,2004,125
geo,2005,126
geo,2006,126
geo,2007,126
geo,2008,126
geo,2009,126
geo,2010,126
geo,2011,126
geo,2012,126
geo,2013,126
geo,2014,126
geo,2015,126
geo,2016,126
geo,2017,126
geo,2018,126
geo,2019,126
gha,2000,118
gha,2001,118
gha,2002,118
gha,2003,118
gha,2004,118
gha,2005,118
gha,2006,118
gha,2007,118
gha,2008,118
gha,2009,119
gha,2010,119
gha,2011,120
gha,2012,120
gha,2013,120
gha,2014,121
gha,2015,121
gha,2016,122
gha,2017,122
gha,2018,123
gha,2019,123
gin,2000,116
gin,2001,116
gin,2002,116
gin,2003,116
gin,2004,116
gin,2005,116
gin,2006,116
gin,2007,117
gin,2008,117
gin,2009,117
gin,2010,117
gin,2011,117
gin,2012,117
gin,2013,117
gin,2014,118
gin,2015,118
gin,2016,118
gin,2017,118
gin,2018,118
gin,2019,118
gmb,2000,112
gmb,2001,112
gmb,2002,112
gmb,2003,112
gmb,2004,113
gmb,2005,113
gmb,2006,113
gmb,2007,113
gmb,2008,113
gmb,2009,114
gmb,2010,114
gmb,2011,114
gmb,2012,115
gmb,2013,115
gmb,2014,116
gmb,2015,116
gmb,2016,116
gmb,2017,117
gmb,2018,117
gmb,2019,118
gnb,2000,116
gnb,2001,116
gnb,2002,116
gnb,2003,116
gnb,2004,116
gnb,2005,116
gnb,2006,117
gnb,2007,117
gnb,2008,117
gnb,2009,117
gnb,2010,117
gnb,2011,118
gnb,2012,118
gnb,2013,118
gnb,2014,118
gnb,2015,118
gnb,2016,118
gnb,2017,118
gnb,2018,119
gnb,2019,119
gnq,2000,115
gnq,2001,115
gnq,2002,115
gnq,2003,115
gnq,2004,116
gnq,2005,116
gnq,2006,116
gnq,2007,117
gnq,2008,117
gnq,2009,117
gnq,2010,118
gnq,2011,118
gnq,2012,118
gnq,2013,119
gnq,2014,119
gnq,2015,119
gnq,2016,119
gnq,2017,119
gnq,2018,120
gnq,2019,120
grc,2000,131
grc,2001,131
grc,2002,131
grc,2003,131
grc,2004,131
grc,2005,131
grc,2006,131
grc,2007,131
grc,2008,131
grc,2009,131
grc,2010,131
grc,2011,131
grc,2012,131
grc,2013,131
grc,2014,131
grc,2015,130
grc,2016,130
grc,2017,130
grc,2018,130
grc,2019,130
grd,2000,128
grd,2001,128
grd,2002,128
grd,2003,129
grd,2004,129
grd,2005,129
grd,2006,129
grd,2007,129
grd,2008,130
grd,2009,130
grd,2010,130
grd,2011,130
grd,2012,130
grd,2013,130
grd,2014,130
grd,2015,130
grd,2016,130
grd,2017,130
grd,2018,130
grd,2019,130
gtm,2000,129
gtm,2001,129
gtm,2002,130
gtm,2003,130
gtm,2004,131
gtm,2005,131
gtm,2006,131
gtm,2007,132
gtm,2008,132
gtm,2009,133
gtm,2010,133
gtm,2011,134
gtm,2012,134
gtm,2013,135
gtm,2014,135
gtm,2015,135
gtm,2016,136
gtm,2017,136
gtm,2018,136
gtm,2019,136
guy,2000,120
guy,2001,120
guy,2002,121
guy,2003,121
guy,2004,121
guy,2005,121
guy,2006,122
guy,2007,122
guy,2008,122
guy,2009,123
guy,2010,123
guy,2011,123
guy,2012,124
guy,2013,124
guy,2014,124
guy,2015,124
guy,2016,124
guy,2017,125
guy,2018,125
guy,2019,125
hnd,2000,128
hnd,2001,129
hnd,2002,129
hnd,2003,129
hnd,2004,130
hnd,2005,130
hnd,2006,130
hnd,2007,130
hnd,2008,131
hnd,2009,131
hnd,2010,131
hnd,2011,131
hnd,2012,131
hnd,2013,131
hnd,2014,131
hnd,2015,131
hnd,2016,131
hnd,2017,131
hnd,2018,131
hnd,2019,131
hrv,2000,129
hrv,2001,129
hrv,2002,129
hrv,2003,129
hrv,2004,129
hrv,2005,129
hrv,2006,129
hrv,2007,129
hrv,2008,129
hrv,2009,129
hrv,2010,129
hrv,2011,129
hrv,2012,129
hrv,2013,129
hrv,2014,129
hrv,2015,129
hrv,2016,129
hrv,2017,129
hrv,2018,129
hrv,2019,129
hti,2000,115
hti,2001,116
hti,2002,116
hti,2003,116
hti,2004,117
hti,2005,117
hti,2006,117
hti,2007,117
hti,2008,118
hti,2009,118
hti,2010,118
hti,2011,118
hti,2012,118
hti,2013,119
hti,2014,119
hti,2015,119
hti,2016,119
hti,2017,119
hti,2018,119
hti,2019,119
hun,2000,130
hun,2001,130
hun,2002,130
hun,2003,130
hun,2004,130
hun,2005,130
hun,2006,130
hun,2007,129
hun,2008,129
hun,2009,129
hun,2010,129
hun,2011,129
hun,2012,129
hun,2013,129
hun,2014,129
hun,2015,129
hun,2016,129
hun,2017,129
hun,2018,129
hun,2019,129
idn,2000,124
idn,2001,124
idn,2002,124
idn,2003,124
idn,2004,125
idn,2005,125
idn,2006,125
idn,2007,125
idn,2008,125
idn,2009,126
idn,2010,126
idn,2011,126
idn,2012,126
idn,2013,126
idn,2014,126
idn,2015,125
idn,2016,125
idn,2017,125
idn,2018,125
idn,2019,125
ind,2000,116
ind,2001,116
ind,2002,116
ind,2003,116
ind,2004,116
ind,2005,116
ind,2006,116
ind,2007,116
ind,2008,116
ind,2009,116
ind,2010,116
ind,2011,116
ind,2012,117
ind,2013,117
ind,2014,117
ind,2015,117
ind,2016,117
ind,2017,117
ind,2018,117
ind,2019,117
irl,2000,132
irl,2001,132
irl,2002,132
irl,2003,132
irl,2004,132
irl,2005,132
irl,2006,132
irl,2007,132
irl,2008,132
irl,2009,132
irl,2010,132
irl,2011,131
irl,2012,131
irl,2013,131
irl,2014,131
irl,2015,131
irl,2016,131
irl,2017,131
irl,2018,131
irl,2019,131
irn,2000,127
irn,2001,127
irn,2002,127
irn,2003,127
irn,2004,127
irn,2005,127
irn,2006,128
irn,2007,128
irn,2008,128
irn,2009,128
irn,2010,128
irn,2011,128
irn,2012,128
irn,2013,128
irn,2014,128
irn,2015,128
irn,2016,128
irn,2017,128
irn,2018,127
irn,2019,127
irq,2000,120
irq,2001,120
irq,2002,121
irq,2003,121
irq,2004,121
irq,2005,121
irq,2006,122
irq,2007,122
irq,2008,122
irq,2009,123
irq,2010,123
irq,2011,123
irq,2012,124
irq,2013,124
irq,2014,124
irq,2015,124
irq,2016,124
irq,2017,124
irq,2018,124
irq,2019,124
isl,2000,132
isl,2001,132
isl,2002,132
isl,2003,132
isl,2004,132
isl,2005,132
isl,2006,132
isl,2007,132
isl,2008,132
isl,2009,132
isl,2010,132
isl,2011,132
isl,2012,132
isl,2013,132
isl,2014,132
isl,2015,132
isl,2016,132
isl,2017,132
isl,2018,132
isl,2019,132
isr,2000,131
isr,2001,131
isr,2002,131
isr,2003,131
isr,2004,131
isr,2005,131
isr,2006,131
isr,2007,131
isr,2008,131
isr,2009,131
isr,2010,131
isr,2011,131
isr,2012,131
isr,2013,131
isr,2014,131
isr,2015,131
isr,2016,131
isr,2017,131
isr,2018,131
isr,2019,131
ita,2000,131
ita,2001,131
ita,2002,131
ita,2003,131
ita,2004,131
ita,2005,131
ita,2006,131
ita,2007,131
ita,2008,131
ita,2009,131
ita,2010,131
ita,2011,131
ita,2012,131
ita,2013,131
ita,2014,131
ita,2015,131
ita,2016,131
ita,2017,131
ita,2018,131
ita,2019,131
jam,2000,128
jam,2001,128
jam,2002,128
jam,2003,128
jam,2004,128
jam,2005,129
jam,2006,129
jam,2007,129
jam,2008,129
jam,2009,129
jam,2010,129
jam,2011,130
jam,2012,130
jam,2013,130
jam,2014,130
jam,2015,130
jam,2016,130
jam,2017,129
jam,2018,129
jam,2019,129
jor,2000,125
jor,2001,125
jor,2002,125
jor,2003,125
jor,2004,125
jor,2005,126
jor,2006,126
jor,2007,126
jor,2008,126
jor,2009,126
jor,2010,125
jor,2011,125
jor,2012,125
jor,2013,125
jor,2014,125
jor,2015,124
jor,2016,124
jor,2017,123
jor,2018,123
jor,2019,123
jpn,2000,127
jpn,2001,127
jpn,2002,127
jpn,2003,127
jpn,2004,127
jpn,2005,127
jpn,2006,127
jpn,2007,127
jpn,2008,127
jpn,2009,127
jpn,2010,128
jpn,2011,128
jpn,2012,128
jpn,2013,128
jpn,2014,128
jpn,2015,128
jpn,2016,128
jpn,2017,128
jpn,2018,128
jpn,2019,128
kaz,2000,124
kaz,2001,124
kaz,2002,124
kaz,2003,125
kaz,2004,125
kaz,2005,125
kaz,2006,125
kaz,2007,126
kaz,2008,126
kaz,2009,126
kaz,2010,126
kaz,2011,126
kaz,2012,126
kaz,2013,126
kaz,2014,126
kaz,2015,126
kaz,2016,126
kaz,2017,126
kaz,2018,126
kaz,2019,126
ken,2000,123
ken,2001,123
ken,2002,124
ken,2003,124
ken,2004,125
ken,2005,125
ken,2006,126
ken,2007,126
ken,2008,127
ken,2009,127
ken,2010,127
ken,2011,128
ken,2012,128
ken,2013,128
ken,2014,128
ken,2015,128
ken,2016,128
ken,2017,127
ken,2018,127
ken,2019,127
kgz,2000,122
kgz,2001,122
kgz,2002,123
kgz,2003,123
kgz,2004,123
kgz,2005,123
kgz,2006,123
kgz,2007,123
kgz,2008,123
kgz,2009,123
kgz,2010,123
kgz,2011,123
kgz,2012,123
kgz,2013,123
kgz,2014,123
kgz,2015,123
kgz,2016,123
kgz,2017,123
kgz,2018,123
kgz,2019,123
khm,2000,117
khm,2001,117
khm,2002,117
khm,2003,118
khm,2004,118
khm,2005,118
khm,2006,119
khm,2007,119
khm,2008,119
khm,2009,119
khm,2010,120
khm,2011,120
khm,2012,120
khm,2013,120
khm,2014,120
khm,2015,120
khm,2016,120
khm,2017,120
khm,2018,119
khm,2019,119
kir,2000,124
kir,2001,125
kir,2002,125
kir,2003,125
kir,2004,125
kir,2005,125
kir,2006,125
kir,2007,125
kir,2008,125
kir,2009,125
kir,2010,125
kir,2011,125
kir,2012,125
kir,2013,125
kir,2014,125
kir,2015,125
kir,2016,125
kir,2017,125
kir,2018,125
kir,2019,125
kna,2000,130
kna,2001,130
kna,2002,130
kna,2003,130
kna,2004,130
kna,2005,130
kna,2006,130
kna,2007,131
kna,2008,131
kna,2009,131
kna,2010,131
kna,2011,131
kna,2012,131
kna,2013,132
kna,2014,132
kna,2015,132
kna,2016,132
kna,2017,132
kna,2018,132
kna,2019,132
kor,2000,128
kor,2001,128
kor,2002,128
kor,2003,128
kor,2004,128
kor,2005,129
kor,2006,129
kor,2007,129
kor,2008,129
kor,2009,129
kor,2010,129
kor,2011,129
kor,2012,130
kor,2013,130
kor,2014,130
kor,2015,130
kor,2016,130
kor,2017,130
kor,2018,130
kor,2019,130
kwt,2000,128
kwt,2001,128
kwt,2002,128
kwt,2003,128
kwt,2004,129
kwt,2005,129
kwt,2006,129
kwt,2007,129
kwt,2008,129
kwt,2009,129
kwt,2010,129
kwt,2011,129
kwt,2012,129
kwt,2013,128
kwt,2014,128
kwt,2015,128
kwt,2016,128
kwt,2017,128
kwt,2018,128
kwt,2019,128
lao,2000,120
lao,2001,120
lao,2002,121
lao,2003,121
lao,2004,121
lao,2005,121
lao,2006,122
lao,2007,122
lao,2008,122
lao,2009,122
lao,2010,123
lao,2011,123
lao,2012,123
lao,2013,123
lao,2014,123
lao,2015,123
lao,2016,122
lao,2017,122
lao,2018,122
lao,2019,122
lbn,2000,126
lbn,2001,126
lbn,2002,127
lbn,2003,127
lbn,2004,127
lbn,2005,127
lbn,2006,127
lbn,2007,127
lbn,2008,127
lbn,2009,127
lbn,2010,127
lbn,2011,127
lbn,2012,127
lbn,2013,126
lbn,2014,126
lbn,2015,126
lbn,2016,126
lbn,2017,126
lbn,2018,126
lbn,2019,126
lbr,2000,117
lbr,2001,117
lbr,2002,117
lbr,2003,118
lbr,2004,118
lbr,2005,118
lbr,2006,118
lbr,2007,119
lbr,2008,119
lbr,2009,119
lbr,2010,120
lbr,2011,120
lbr,2012,120
lbr,2013,120
lbr,2014,121
lbr,2015,121
lbr,2016,121
lbr,2017,121
lbr,2018,121
lbr,2019,121
lby,2000,124
lby,2001,124
lby,2002,124
lby,2003,125
lby,2004,125
lby,2005,125
lby,2006,125
lby,2007,125
lby,2008,125
lby,2009,125
lby,2010,125
lby,2011,125
lby,2012,125
lby,2013,125
lby,2014,125
lby,2015,125
lby,2016,125
lby,2017,125
lby,2018,125
lby,2019,125
lca,2000,131
lca,2001,131
lca,2002,131
lca,2003,131
lca,2004,132
lca,2005,132
lca,2006,132
lca,2007,132
lca,2008,132
lca,2009,132
lca,2010,133
lca,2011,133
lca,2012,133
lca,2013,133
lca,2014,133
lca,2015,133
lca,2016,133
lca,2017,133
lca,2018,133
lca,2019,133
lka,2000,122
lka,2001,122
lka,2002,122
lka,2003,123
lka,2004,123
lka,2005,123
lka,2006,123
lka,2007,123
lka,2008,123
lka,2009,124
lka,2010,124
lka,2011,124
lka,2012,124
lka,2013,124
lka,2014,124
lka,2015,124
lka,2016,124
lka,2017,124
lka,2018,124
lka,2019,124
lso,2000,123
lso,2001,124
lso,2002,124
lso,2003,124
lso,2004,125
lso,2005,125
lso,2006,125
lso,2007,126
lso,2008,126
lso,2009,126
lso,2010,126
lso,2011,127
lso,2012,127
lso,2013,127
lso,2014,127
lso,2015,127
lso,2016,127
lso,2017,127
lso,2018,127
lso,2019,127
ltu,2000,128
ltu,2001,129
ltu,2002,129
ltu,2003,129
ltu,2004,129
ltu,2005,129
ltu,2006,130
ltu,2007,130
ltu,2008,130
ltu,2009,130
ltu,2010,130
ltu,2011,130
ltu,2012,130
ltu,2013,129
ltu,2014,129
ltu,2015,129
ltu,2016,129
ltu,2017,129
ltu,2018,129
ltu,2019,129
lux,2000,133
lux,2001,133
lux,2002,133
lux,2003,133
lux,2004,133
lux,2005,133
lux,2006,133
lux,2007,133
lux,2008,133
lux,2009,133
lux,2010,133
lux,2011,133
lux,2012,132
lux,2013,132
lux,2014,132
lux,2015,132
lux,2016,132
lux,2017,132
lux,2018,132
lux,2019,132
lva,2000,128
lva,2001,128
lva,2002,128
lva,2003,128
lva,2004,128
lva,2005,128
lva,2006,128
lva,2007,129
lva,2008,129
lva,2009,129
lva,2010,129
lva,2011,129
lva,2012,129
lva,2013,129
lva,2014,128
lva,2015,128
lva,2016,128
lva,2017,128
lva,2018,128
lva,2019,128
mar,2000,124
mar,2001,124
mar,2002,124
mar,2003,124
mar,2004,124
mar,2005,124
mar,2006,125
mar,2007,125
mar,2008,125
mar,2009,125
mar,2010,125
mar,2011,125
mar,2012,126
mar,2013,126
mar,2014,126
mar,2015,126
mar,2016,126
mar,2017,126
mar,2018,126
mar,2019,126
mco,2000,131
mco,2001,131
mco,2002,131
mco,2003,131
mco,2004,131
mco,2005,131
mco,2006,131
mco,2007,131
mco,2008,131
mco,2009,131
mco,2010,131
mco,2011,131
mco,2012,131
mco,2013,131
mco,2014,131
mco,2015,131
mco,2016,131
mco,2017,131
mco,2018,131
mco,2019,131
mda,2000,126
mda,2001,126
mda,2002,126
mda,2003,126
mda,2004,126
mda,2005,126
mda,2006,126
mda,2007,127
mda,2008,127
mda,2009,127
mda,2010,127
mda,2011,127
mda,2012,127
mda,2013,127
mda,2014,127
mda,2015,127
mda,2016,127
mda,2017,127
mda,2018,127
mda,2019,127
mdg,2000,121
mdg,2001,121
mdg,2002,121
mdg,2003,121
mdg,2004,121
mdg,2005,122
mdg,2006,122
mdg,2007,122
mdg,2008,122
mdg,2009,123
mdg,2010,123
mdg,2011,123
mdg,2012,123
mdg,2013,123
mdg,2014,123
mdg,2015,123
mdg,2016,123
mdg,2017,123
mdg,2018,123
mdg,2019,123
mdv,2000,119
mdv,2001,119
mdv,2002,119
mdv,2003,120
mdv,2004,120
mdv,2005,120
mdv,2006,120
mdv,2007,120
mdv,2008,120
mdv,2009,120
mdv,2010,120
mdv,2011,120
mdv,2012,120
mdv,2013,120
mdv,2014,119
mdv,2015,119
mdv,2016,119
mdv,2017,118
mdv,2018,118
mdv,2019,118
mex,2000,129
mex,2001,130
mex,2002,130
mex,2003,130
mex,2004,131
mex,2005,131
mex,2006,131
mex,2007,132
mex,2008,132
mex,2009,132
mex,2010,132
mex,2011,132
mex,2012,132
mex,2013,133
mex,2014,133
mex,2015,133
mex,2016,133
mex,2017,133
mex,2018,132
mex,2019,132
mhl,2000,125
mhl,2001,125
mhl,2002,125
mhl,2003,125
mhl,2004,125
mhl,2005,125
mhl,2006,125
mhl,2007,125
mhl,2008,125
mhl,2009,125
mhl,2010,125
mhl,2011,125
mhl,2012,125
mhl,2013,125
mhl,2014,125
mhl,2015,125
mhl,2016,125
mhl,2017,125
mhl,2018,125
mhl,2019,125
mkd,2000,132
mkd,2001,132
mkd,2002,131
mkd,2003,131
mkd,2004,131
mkd,2005,131
mkd,2006,131
mkd,2007,131
mkd,2008,131
mkd,2009,131
mkd,2010,131
mkd,2011,131
mkd,2012,130
mkd,2013,130
mkd,2014,130
mkd,2015,130
mkd,2016,130
mkd,2017,130
mkd,2018,130
mkd,2019,130
mli,2000,112
mli,2001,112
mli,2002,112
mli,2003,112
mli,2004,112
mli,2005,113
mli,2006,113
mli,2007,113
mli,2008,113
mli,2009,114
mli,2010,114
mli,2011,114
mli,2012,114
mli,2013,114
mli,2014,114
mli,2015,114
mli,2016,114
mli,2017,114
mli,2018,114
mli,2019,114
mlt,2000,131
mlt,2001,131
mlt,2002,131
mlt,2003,131
mlt,2004,131
mlt,2005,131
mlt,2006,131
mlt,2007,131
mlt,2008,131
mlt,2009,131
mlt,2010,131
mlt,2011,131
mlt,2012,131
mlt,2013,131
mlt,2014,131
mlt,2015,131
mlt,2016,131
mlt,2017,131
mlt,2018,131
mlt,2019,131
mmr,2000,119
mmr,2001,119
mmr,2002,119
mmr,2003,120
mmr,2004,120
mmr,2005,120
mmr,2006,121
mmr,2007,121
mmr,2008,121
mmr,2009,122
mmr,2010,122
mmr,2011,122
mmr,2012,122
mmr,2013,122
mmr,2014,122
mmr,2015,122
mmr,2016,122
mmr,2017,121
mmr,2018,121
mmr,2019,121
mne,2000,131
mne,2001,131
mne,2002,131
mne,2003,131
mne,2004,131
mne,2005,131
mne,2006,131
mne,2007,131
mne,2008,131
mne,2009,131
mne,2010,131
mne,2011,131
mne,2012,131
mne,2013,131
mne,2014,131
mne,2015,131
mne,2016,131
mne,2017,131
mne,2018,131
mne,2019,131
mng,2000,132
mng,2001,132
mng,2002,131
mng,2003,131
mng,2004,131
mng,2005,131
mng,2006,131
mng,2007,131
mng,2008,131
mng,2009,131
mng,2010,131
mng,2011,131
mng,2012,131
mng,2013,131
mng,2014,131
mng,2015,131
mng,2016,131
mng,2017,131
mng,2018,131
mng,2019,131
moz,2000,118
moz,2001,118
moz,2002,118
moz,2003,118
moz,2004,117
moz,2005,117
moz,2006,118
moz,2007,118
moz,2008,118
moz,2009,118
moz,2010,118
moz,2011,118
moz,2012,118
moz,2013,118
moz,2014,118
moz,2015,118
moz,2016,119
moz,2017,119
moz,2018,119
moz,2019,119
mrt,2000,118
mrt,2001,118
mrt,2002,118
mrt,2003,118
mrt,2004,118
mrt,2005,119
mrt,2006,119
mrt,2007,119
mrt,2008,119
mrt,2009,119
mrt,2010,119
mrt,2011,119
mrt,2012,120
mrt,2013,120
mrt,2014,120
mrt,2015,120
mrt,2016,120
mrt,2017,120
mrt,2018,120
mrt,2019,120
mus,2000,132
mus,2001,132
mus,2002,132
mus,2003,131
mus,2004,131
mus,2005,131
mus,2006,131
mus,2007,131
mus,2008,131
mus,2009,131
mus,2010,131
mus,2011,131
mus,2012,131
mus,2013,130
mus,2014,130
mus,2015,130
mus,2016,130
mus,2017,129
mus,2018,129
mus,2019,129
mwi,2000,122
mwi,2001,122
mwi,2002,122
mwi,2003,123
mwi,2004,123
mwi,2005,123
mwi,2006,123
mwi,2007,124
mwi,2008,124
mwi,2009,125
mwi,2010,125
mwi,2011,125
mwi,2012,125
mwi,2013,125
mwi,2014,125
mwi,2015,125
mwi,2016,125
mwi,2017,125
mwi,2018,125
mwi,2019,125
mys,2000,123
mys,2001,123
mys,2002,123
mys,2003,123
mys,2004,123
mys,2005,124
mys,2006,124
mys,2007,124
mys,2008,124
mys,2009,124
mys,2010,124
mys,2011,124
mys,2012,125
mys,2013,125
mys,2014,124
mys,2015,124
mys,2016,124
mys,2017,124
mys,2018,124
mys,2019,124
nam,2000,126
nam,2001,126
nam,2002,127
nam,2003,127
nam,2004,127
nam,2005,127
nam,2006,127
nam,2007,128
nam,2008,128
nam,2009,128
nam,2010,128
nam,2011,128
nam,2012,128
nam,2013,128
nam,2014,128
nam,2015,128
nam,2016,128
nam,2017,128
nam,2018,128
nam,2019,128
ner,2000,116
ner,2001,116
ner,2002,117
ner,2003,117
ner,2004,117
ner,2005,117
ner,2006,117
ner,2007,117
ner,2008,117
ner,2009,117
ner,2010,117
ner,2011,118
ner,2012,118
ner,2013,118
ner,2014,118
ner,2015,117
ner,2016,117
ner,2017,117
ner,2018,118
ner,2019,118
nga,2000,114
nga,2001,114
nga,2002,114
nga,2003,114
nga,2004,115
nga,2005,115
nga,2006,115
nga,2007,115
nga,2008,115
nga,2009,116
nga,2010,116
nga,2011,116
nga,2012,116
nga,2013,116
nga,2014,116
nga,2015,116
nga,2016,116
nga,2017,116
nga,2018,116
nga,2019,116
nic,2000,128
nic,2001,129
nic,2002,129
nic,2003,130
nic,2004,130
nic,2005,130
nic,2006,131
nic,2007,131
nic,2008,131
nic,2009,131
nic,2010,132
nic,2011,132
nic,2012,132
nic,2013,132
nic,2014,132
nic,2015,132
nic,2016,132
nic,2017,132
nic,2018,131
nic,2019,131
niu,2000,127
niu,2001,127
niu,2002,127
niu,2003,127
niu,2004,127
niu,2005,127
niu,2006,127
niu,2007,127
niu,2008,127
niu,2009,127
niu,2010,127
niu,2011,127
niu,2012,127
niu,2013,127
niu,2014,127
niu,2015,127
niu,2016,127
niu,2017,127
niu,2018,127
niu,2019,126
nld,2000,132
nld,2001,132
nld,2002,132
nld,2003,132
nld,2004,131
nld,2005,131
nld,2006,131
nld,2007,131
nld,2008,131
nld,2009,131
nld,2010,131
nld,2011,131
nld,2012,131
nld,2013,131
nld,2014,131
nld,2015,131
nld,2016,131
nld,2017,131
nld,2018,131
nld,2019,131
nor,2000,131
nor,2001,131
nor,2002,131
nor,2003,131
nor,2004,131
nor,2005,131
nor,2006,131
nor,2007,131
nor,2008,131
nor,2009,131
nor,2010,131
nor,2011,131
nor,2012,131
nor,2013,131
nor,2014,131
nor,2015,131
nor,2016,131
nor,2017,131
nor,2018,131
nor,2019,131
npl,2000,120
npl,2001,120
npl,2002,121
npl,2003,121
npl,2004,122
npl,2005,122
npl,2006,122
npl,2007,123
npl,2008,123
npl,2009,123
npl,2010,123
npl,2011,124
npl,2012,124
npl,2013,124
npl,2014,124
npl,2015,124
npl,2016,124
npl,2017,124
npl,2018,124
npl,2019,124
nru,2000,126
nru,2001,126
nru,2002,126
nru,2003,126
nru,2004,126
nru,2005,126
nru,2006,125
nru,2007,125
nru,2008,125
nru,2009,126
nru,2010,126
nru,2011,126
nru,2012,126
nru,2013,126
nru,2014,126
nru,2015,126
nru,2016,125
nru,2017,125
nru,2018,125
nru,2019,125
nzl,2000,133
nzl,2001,133
nzl,2002,133
nzl,2003,133
nzl,2004,133
nzl,2005,133
nzl,2006,133
nzl,2007,132
nzl,2008,132
nzl,2009,132
nzl,2010,132
nzl,2011,132
nzl,2012,132
nzl,2013,132
nzl,2014,132
nzl,2015,132
nzl,2016,132
nzl,2017,132
nzl,2018,132
nzl,2019,131
omn,2000,122
omn,2001,123
omn,2002,123
omn,2003,123
omn,2004,124
omn,2005,124
omn,2006,124
omn,2007,124
omn,2008,125
omn,2009,125
omn,2010,125
omn,2011,125
omn,2012,125
omn,2013,125
omn,2014,125
omn,2015,125
omn,2016,125
omn,2017,125
omn,2018,125
omn,2019,125
pak,2000,120
pak,2001,120
pak,2002,120
pak,2003,120
pak,2004,120
pak,2005,120
pak,2006,120
pak,2007,120
pak,2008,120
pak,2009,120
pak,2010,120
pak,2011,120
pak,2012,120
pak,2013,120
pak,2014,120
pak,2015,120
pak,2016,120
pak,2017,120
pak,2018,120
pak,2019,120
pan,2000,126
pan,2001,126
pan,2002,126
pan,2003,126
pan,2004,127
pan,2005,127
pan,2006,127
pan,2007,127
pan,2008,127
pan,2009,128
pan,2010,128
pan,2011,128
pan,2012,128
pan,2013,128
pan,2014,129
pan,2015,129
pan,2016,129
pan,2017,129
pan,2018,128
pan,2019,128
per,2000,125
per,2001,125
per,2002,125
per,2003,126
per,2004,126
per,2005,126
per,2006,127
per,2007,127
per,2008,128
per,2009,128
per,2010,128
per,2011,129
per,2012,129
per,2013,129
per,2014,129
per,2015,129
per,2016,129
per,2017,129
per,2018,129
per,2019,128
phl,2000,126
phl,2001,126
phl,2002,126
phl,2003,127
phl,2004,127
phl,2005,127
phl,2006,127
phl,2007,128
phl,2008,128
phl,2009,128
phl,2010,129
phl,2011,129
phl,2012,129
phl,2013,130
phl,2014,130
phl,2015,130
phl,2016,130
phl,2017,131
phl,2018,131
phl,2019,131
plw,2000,126
plw,2001,126
plw,2002,126
plw,2003,126
plw,2004,126
plw,2005,126
plw,2006,126
plw,2007,126
plw,2008,126
plw,2009,126
plw,2010,126
plw,2011,126
plw,2012,126
plw,2013,126
plw,2014,126
plw,2015,126
plw,2016,126
plw,2017,126
plw,2018,126
plw,2019,126
png,2000,124
png,2001,124
png,2002,125
png,2003,125
png,2004,125
png,2005,125
png,2006,125
png,2007,125
png,2008,125
png,2009,125
png,2010,125
png,2011,125
png,2012,125
png,2013,125
png,2014,125
png,2015,125
png,2016,124
png,2017,124
png,2018,124
png,2019,124
pol,2000,130
pol,2001,130
pol,2002,130
pol,2003,130
pol,2004,130
pol,2005,130
pol,2006,130
pol,2007,130
pol,2008,130
pol,2009,130
pol,2010,130
pol,2011,130
pol,2012,130
pol,2013,130
pol,2014,130
pol,2015,130
pol,2016,130
pol,2017,130
pol,2018,130
pol,2019,130
prk,2000,124
prk,2001,124
prk,2002,124
prk,2003,124
prk,2004,124
prk,2005,124
prk,2006,125
prk,2007,125
prk,2008,125
prk,2009,125
prk,2010,125
prk,2011,125
prk,2012,125
prk,2013,125
prk,2014,125
prk,2015,125
prk,2016,124
prk,2017,124
prk,2018,124
prk,2019,124
prt,2000,131
prt,2001,131
prt,2002,131
prt,2003,131
prt,2004,131
prt,2005,131
prt,2006,131
prt,2007,131
prt,2008,131
prt,2009,131
prt,2010,131
prt,2011,131
prt,2012,131
prt,2013,131
prt,2014,131
prt,2015,131
prt,2016,131
prt,2017,131
prt,2018,131
prt,2019,131
pry,2000,128
pry,2001,128
pry,2002,128
pry,2003,128
pry,2004,128
pry,2005,128
pry,2006,128
pry,2007,128
pry,2008,128
pry,2009,128
pry,2010,129
pry,2011,128
pry,2012,128
pry,2013,128
pry,2014,128
pry,2015,128
pry,2016,128
pry,2017,128
pry,2018,128
pry,2019,128
pse,2000,123
pse,2001,124
pse,2002,124
pse,2003,124
pse,2004,124
pse,2005,124
pse,2006,125
pse,2007,125
pse,2008,125
pse,2009,126
pse,2010,126
pse,2011,126
pse,2012,126
pse,2013,126
pse,2014,126
pse,2015,126
pse,2016,126
pse,2017,126
pse,2018,126
pse,2019,126
qat,2000,124
qat,2001,125
qat,2002,125
qat,2003,125
qat,2004,125
qat,2005,125
qat,2006,125
qat,2007,126
qat,2008,126
qat,2009,126
qat,2010,126
qat,2011,126
qat,2012,126
qat,2013,126
qat,2014,126
qat,2015,126
qat,2016,126
qat,2017,126
qat,2018,126
qat,2019,126
rou,2000,128
rou,2001,128
rou,2002,128
rou,2003,128
rou,2004,128
rou,2005,128
rou,2006,128
rou,2007,128
rou,2008,128
rou,2009,128
rou,2010,128
rou,2011,128
rou,2012,128
rou,2013,128
rou,2014,128
rou,2015,128
rou,2016,128
rou,2017,128
rou,2018,128
rou,2019,128
rus,2000,128
rus,2001,128
rus,2002,128
rus,2003,128
rus,2004,129
rus,2005,129
rus,2006,129
rus,2007,129
rus,2008,129
rus,2009,129
rus,2010,129
rus,2011,129
rus,2012,129
rus,2013,129
rus,2014,129
rus,2015,129
rus,2016,129
rus,2017,129
rus,2018,129
rus,2019,129
rwa,2000,128
rwa,2001,128
rwa,2002,129
rwa,2003,129
rwa,2004,129
rwa,2005,129
rwa,2006,130
rwa,2007,130
rwa,2008,130
rwa,2009,131
rwa,2010,131
rwa,2011,131
rwa,2012,131
rwa,2013,131
rwa,2014,131
rwa,2015,131
rwa,2016,131
rwa,2017,131
rwa,2018,131
rwa,2019,131
sau,2000,125
sau,2001,125
sau,2002,125
sau,2003,125
sau,2004,125
sau,2005,125
sau,2006,126
sau,2007,126
sau,2008,126
sau,2009,126
sau,2010,126
sau,2011,127
sau,2012,127
sau,2013,127
sau,2014,127
sau,2015,127
sau,2016,126
sau,2017,126
sau,2018,126
sau,2019,126
sdn,2000,120
sdn,2001,120
sdn,2002,120
sdn,2003,121
sdn,2004,121
sdn,2005,121
sdn,2006,121
sdn,2007,121
sdn,2008,122
sdn,2009,122
sdn,2010,122
sdn,2011,122
sdn,2012,122
sdn,2013,122
sdn,2014,122
sdn,2015,122
sdn,2016,122
sdn,2017,122
sdn,2018,122
sdn,2019,122
sen,2000,113
sen,2001,113
sen,2002,113
sen,2003,113
sen,2004,113
sen,2005,113
sen,2006,113
sen,2007,114
sen,2008,114
sen,2009,114
sen,2010,114
sen,2011,115
sen,2012,115
sen,2013,115
sen,2014,116
sen,2015,116
sen,2016,116
sen,2017,116
sen,2018,116
sen,2019,117
sgp,2000,131
sgp,2001,131
sgp,2002,131
sgp,2003,131
sgp,2004,131
sgp,2005,131
sgp,2006,131
sgp,2007,131
sgp,2008,131
sgp,2009,131
sgp,2010,131
sgp,2011,131
sgp,2012,131
sgp,2013,131
sgp,2014,131
sgp,2015,131
sgp,2016,131
sgp,2017,131
sgp,2018,131
sgp,2019,131
slb,2000,121
slb,2001,121
slb,2002,121
slb,2003,121
slb,2004,121
slb,2005,121
slb,2006,121
slb,2007,121
slb,2008,121
slb,2009,122
slb,2010,122
slb,2011,122
slb,2012,122
slb,2013,122
slb,2014,122
slb,2015,122
slb,2016,122
slb,2017,122
slb,2018,122
slb,2019,122
sle,2000,116
sle,2001,116
sle,2002,116
sle,2003,117
sle,2004,117
sle,2005,117
sle,2006,117
sle,2007,118
sle,2008,118
sle,2009,118
sle,2010,118
sle,2011,119
sle,2012,119
sle,2013,119
sle,2014,119
sle,2015,119
sle,2016,119
sle,2017,119
sle,2018,119
sle,2019,119
slv,2000,135
slv,2001,135
slv,2002,135
slv,2003,135
slv,2004,135
slv,2005,135
slv,2006,135
slv,2007,135
slv,2008,135
slv,2009,135
slv,2010,135
slv,2011,135
slv,2012,135
slv,2013,135
slv,2014,134
slv,2015,134
slv,2016,134
slv,2017,134
slv,2018,134
slv,2019,134
smr,2000,131
smr,2001,132
smr,2002,132
smr,2003,132
smr,2004,132
smr,2005,132
smr,2006,132
smr,2007,131
smr,2008,131
smr,2009,131
smr,2010,131
smr,2011,131
smr,2012,131
smr,2013,131
smr,2014,131
smr,2015,131
smr,2016,131
smr,2017,131
smr,2018,131
smr,2019,131
som,2000,118
som,2001,118
som,2002,118
som,2003,118
som,2004,118
som,2005,118
som,2006,119
som,2007,119
som,2008,119
som,2009,119
som,2010,119
som,2011,119
som,2012,119
som,2013,119
som,2014,119
som,2015,120
som,2016,120
som,2017,120
som,2018,120
som,2019,120
srb,2000,128
srb,2001,128
srb,2002,128
srb,2003,128
srb,2004,128
srb,2005,128
srb,2006,128
srb,2007,128
srb,2008,128
srb,2009,128
srb,2010,128
srb,2011,128
srb,2012,128
srb,2013,128
srb,2014,128
srb,2015,128
srb,2016,128
srb,2017,128
srb,2018,128
srb,2019,128
ssd,2000,122
ssd,2001,122
ssd,2002,122
ssd,2003,122
ssd,2004,123
ssd,2005,123
ssd,2006,123
ssd,2007,123
ssd,2008,123
ssd,2009,124
ssd,2010,124
ssd,2011,124
ssd,2012,124
ssd,2013,124
ssd,2014,124
ssd,2015,124
ssd,2016,124
ssd,2017,124
ssd,2018,124
ssd,2019,123
stp,2000,117
stp,2001,117
stp,2002,117
stp,2003,117
stp,2004,118
stp,2005,118
stp,2006,118
stp,2007,118
stp,2008,119
stp,2009,119
stp,2010,119
stp,2011,119
stp,2012,119
stp,2013,119
stp,2014,119
stp,2015,120
stp,2016,120
stp,2017,120
stp,2018,120
stp,2019,120
sur,2000,126
sur,2001,127
sur,2002,127
sur,2003,127
sur,2004,127
sur,2005,128
sur,2006,128
sur,2007,128
sur,2008,128
sur,2009,129
sur,2010,129
sur,2011,129
sur,2012,129
sur,2013,129
sur,2014,129
sur,2015,129
sur,2016,129
sur,2017,129
sur,2018,129
sur,2019,129
svk,2000,128
svk,2001,128
svk,2002,128
svk,2003,128
svk,2004,128
svk,2005,128
svk,2006,128
svk,2007,128
svk,2008,128
svk,2009,128
svk,2010,128
svk,2011,128
svk,2012,128
svk,2013,128
svk,2014,128
svk,2015,128
svk,2016,128
svk,2017,128
svk,2018,128
svk,2019,128
svn,2000,129
svn,2001,129
svn,2002,129
svn,2003,129
svn,2004,129
svn,2005,129
svn,2006,129
svn,2007,129
svn,2008,129
svn,2009,129
svn,2010,129
svn,2011,129
svn,2012,129
svn,2013,129
svn,2014,129
svn,2015,129
svn,2016,129
svn,2017,129
svn,2018,128
svn,2019,128
swe,2000,131
swe,2001,131
swe,2002,131
swe,2003,131
swe,2004,131
swe,2005,131
swe,2006,131
swe,2007,131
swe,2008,131
swe,2009,131
swe,2010,131
swe,2011,131
swe,2012,131
swe,2013,131
swe,2014,131
swe,2015,131
swe,2016,131
swe,2017,131
swe,2018,131
swe,2019,130
swz,2000,124
swz,2001,125
swz,2002,125
swz,2003,125
swz,2004,125
swz,2005,126
swz,2006,126
swz,2007,126
swz,2008,126
swz,2009,126
swz,2010,126
swz,2011,126
swz,2012,126
swz,2013,126
swz,2014,126
swz,2015,126
swz,2016,126
swz,2017,126
swz,2018,126
swz,2019,126
syc,2000,127
syc,2001,127
syc,2002,127
syc,2003,127
syc,2004,127
syc,2005,127
syc,2006,128
syc,2007,128
syc,2008,128
syc,2009,128
syc,2010,128
syc,2011,128
syc,2012,128
syc,2013,128
syc,2014,128
syc,2015,128
syc,2016,128
syc,2017,128
syc,2018,128
syc,2019,128
syr,2000,123
syr,2001,123
syr,2002,123
syr,2003,123
syr,2004,123
syr,2005,123
syr,2006,124
syr,2007,124
syr,2008,124
syr,2009,124
syr,2010,124
syr,2011,124
syr,2012,124
syr,2013,124
syr,2014,124
syr,2015,124
syr,2016,124
syr,2017,124
syr,2018,124
syr,2019,124
tcd,2000,116
tcd,2001,116
tcd,2002,116
tcd,2003,116
tcd,2004,116
tcd,2005,116
tcd,2006,116
tcd,2007,116
tcd,2008,117
tcd,2009,117
tcd,2010,117
tcd,2011,117
tcd,2012,118
tcd,2013,118
tcd,2014,118
tcd,2015,118
tcd,2016,118
tcd,2017,119
tcd,2018,119
tcd,2019,119
tgo,2000,117
tgo,2001,118
tgo,2002,118
tgo,2003,118
tgo,2004,118
tgo,2005,118
tgo,2006,118
tgo,2007,118
tgo,2008,118
tgo,2009,118
tgo,2010,118
tgo,2011,119
tgo,2012,119
tgo,2013,119
tgo,2014,119
tgo,2015,119
tgo,2016,119
tgo,2017,119
tgo,2018,119
tgo,2019,120
tha,2000,128
tha,2001,128
tha,2002,128
tha,2003,128
tha,2004,128
tha,2005,128
tha,2006,128
tha,2007,128
tha,2008,128
tha,2009,128
tha,2010,128
tha,2011,128
tha,2012,128
tha,2013,128
tha,2014,128
tha,2015,128
tha,2016,128
tha,2017,128
tha,2018,128
tha,2019,128
tjk,2000,122
tjk,2001,122
tjk,2002,122
tjk,2003,123
tjk,2004,123
tjk,2005,123
tjk,2006,124
tjk,2007,124
tjk,2008,124
tjk,2009,124
tjk,2010,125
tjk,2011,125
tjk,2012,124
tjk,2013,124
tjk,2014,124
tjk,2015,124
tjk,2016,124
tjk,2017,123
tjk,2018,123
tjk,2019,123
tkm,2000,124
tkm,2001,124
tkm,2002,125
tkm,2003,125
tkm,2004,125
tkm,2005,126
tkm,2006,126
tkm,2007,126
tkm,2008,126
tkm,2009,127
tkm,2010,127
tkm,2011,127
tkm,2012,127
tkm,2013,127
tkm,2014,127
tkm,2015,127
tkm,2016,127
tkm,2017,127
tkm,2018,127
tkm,2019,126
tls,2000,122
tls,2001,122
tls,2002,123
tls,2003,123
tls,2004,124
tls,2005,124
tls,2006,125
tls,2007,125
tls,2008,125
tls,2009,126
tls,2010,126
tls,2011,126
tls,2012,126
tls,2013,126
tls,2014,126
tls,2015,126
tls,2016,125
tls,2017,125
tls,2018,125
tls,2019,125
ton,2000,126
ton,2001,126
ton,2002,127
ton,2003,127
ton,2004,127
ton,2005,127
ton,2006,127
ton,2007,127
ton,2008,127
ton,2009,127
ton,2010,127
ton,2011,127
ton,2012,127
ton,2013,126
ton,2014,126
ton,2015,126
ton,2016,126
ton,2017,126
ton,2018,126
ton,2019,126
tto,2000,127
tto,2001,127
tto,2002,128
tto,2003,128
tto,2004,128
tto,2005,129
tto,2006,129
tto,2007,129
tto,2008,129
tto,2009,129
tto,2010,130
tto,2011,130
tto,2012,130
tto,2013,130
tto,2014,130
tto,2015,130
tto,2016,130
tto,2017,130
tto,2018,130
tto,2019,130
tun,2000,125
tun,2001,125
tun,2002,125
tun,2003,125
tun,2004,125
tun,2005,125
tun,2006,125
tun,2007,125
tun,2008,125
tun,2009,125
tun,2010,125
tun,2011,125
tun,2012,125
tun,2013,125
tun,2014,125
tun,2015,125
tun,2016,125
tun,2017,125
tun,2018,125
tun,2019,124
tur,2000,123
tur,2001,123
tur,2002,123
tur,2003,124
tur,2004,124
tur,2005,124
tur,2006,124
tur,2007,124
tur,2008,124
tur,2009,125
tur,2010,125
tur,2011,125
tur,2012,125
tur,2013,125
tur,2014,125
tur,2015,125
tur,2016,125
tur,2017,125
tur,2018,125
tur,2019,125
tuv,2000,127
tuv,2001,127
tuv,2002,127
tuv,2003,127
tuv,2004,127
tuv,2005,127
tuv,2006,127
tuv,2007,127
tuv,2008,127
tuv,2009,127
tuv,2010,127
tuv,2011,127
tuv,2012,127
tuv,2013,127
tuv,2014,127
tuv,2015,127
tuv,2016,126
tuv,2017,126
tuv,2018,126
tuv,2019,126
tza,2000,119
tza,2001,119
tza,2002,119
tza,2003,119
tza,2004,119
tza,2005,119
tza,2006,119
tza,2007,120
tza,2008,120
tza,2009,120
tza,2010,121
tza,2011,121
tza,2012,121
tza,2013,121
tza,2014,121
tza,2015,121
tza,2016,122
tza,2017,122
tza,2018,122
tza,2019,122
uga,2000,122
uga,2001,122
uga,2002,123
uga,2003,123
uga,2004,123
uga,2005,123
uga,2006,124
uga,2007,124
uga,2008,124
uga,2009,125
uga,2010,125
uga,2011,125
uga,2012,125
uga,2013,125
uga,2014,125
uga,2015,125
uga,2016,125
uga,2017,125
uga,2018,125
uga,2019,125
ukr,2000,134
ukr,2001,134
ukr,2002,134
ukr,2003,134
ukr,2004,133
ukr,2005,133
ukr,2006,133
ukr,2007,133
ukr,2008,133
ukr,2009,133
ukr,2010,133
ukr,2011,132
ukr,2012,132
ukr,2013,132
ukr,2014,132
ukr,2015,132
ukr,2016,131
ukr,2017,131
ukr,2018,131
ukr,2019,131
ury,2000,132
ury,2001,132
ury,2002,132
ury,2003,131
ury,2004,131
ury,2005,131
ury,2006,131
ury,2007,131
ury,2008,131
ury,2009,131
ury,2010,132
ury,2011,132
ury,2012,131
ury,2013,131
ury,2014,131
ury,2015,131
ury,2016,131
ury,2017,131
ury,2018,131
ury,2019,131
usa,2000,135
usa,2001,135
usa,2002,135
usa,2003,134
usa,2004,134
usa,2005,134
usa,2006,134
usa,2007,134
usa,2008,133
usa,2009,133
usa,2010,133
usa,2011,133
usa,2012,133
usa,2013,132
usa,2014,132
usa,2015,132
usa,2016,132
usa,2017,132
usa,2018,132
usa,2019,132
uzb,2000,119
uzb,2001,119
uzb,2002,120
uzb,2003,120
uzb,2004,121
uzb,2005,122
uzb,2006,122
uzb,2007,123
uzb,2008,123
uzb,2009,124
uzb,2010,124
uzb,2011,125
uzb,2012,125
uzb,2013,125
uzb,2014,126
uzb,2015,126
uzb,2016,126
uzb,2017,126
uzb,2018,126
uzb,2019,126
vct,2000,128
vct,2001,128
vct,2002,129
vct,2003,129
vct,2004,129
vct,2005,130
vct,2006,130
vct,2007,130
vct,2008,130
vct,2009,131
vct,2010,131
vct,2011,131
vct,2012,131
vct,2013,131
vct,2014,131
vct,2015,131
vct,2016,131
vct,2017,131
vct,2018,131
vct,2019,131
ven,2000,126
ven,2001,127
ven,2002,127
ven,2003,127
ven,2004,127
ven,2005,127
ven,2006,128
ven,2007,128
ven,2008,128
ven,2009,129
ven,2010,129
ven,2011,129
ven,2012,129
ven,2013,129
ven,2014,129
ven,2015,128
ven,2016,128
ven,2017,128
ven,2018,128
ven,2019,127
vnm,2000,126
vnm,2001,126
vnm,2002,127
vnm,2003,127
vnm,2004,128
vnm,2005,128
vnm,2006,129
vnm,2007,129
vnm,2008,129
vnm,2009,129
vnm,2010,130
vnm,2011,130
vnm,2012,130
vnm,2013,130
vnm,2014,130
vnm,2015,129
vnm,2016,129
vnm,2017,129
vnm,2018,129
vnm,2019,129
vut,2000,125
vut,2001,125
vut,2002,125
vut,2003,126
vut,2004,126
vut,2005,126
vut,2006,126
vut,2007,127
vut,2008,127
vut,2009,127
vut,2010,127
vut,2011,127
vut,2012,127
vut,2013,127
vut,2014,127
vut,2015,127
vut,2016,127
vut,2017,127
vut,2018,126
vut,2019,126
wsm,2000,128
wsm,2001,128
wsm,2002,128
wsm,2003,128
wsm,2004,128
wsm,2005,128
wsm,2006,128
wsm,2007,128
wsm,2008,128
wsm,2009,128
wsm,2010,128
wsm,2011,128
wsm,2012,128
wsm,2013,128
wsm,2014,128
wsm,2015,128
wsm,2016,128
wsm,2017,128
wsm,2018,128
wsm,2019,127
yem,2000,109
yem,2001,110
yem,2002,110
yem,2003,110
yem,2004,110
yem,2005,110
yem,2006,111
yem,2007,111
yem,2008,111
yem,2009,111
yem,2010,112
yem,2011,112
yem,2012,112
yem,2013,112
yem,2014,112
yem,2015,112
yem,2016,112
yem,2017,112
yem,2018,112
yem,2019,112
zaf,2000,124
zaf,2001,124
zaf,2002,124
zaf,2003,124
zaf,2004,124
zaf,2005,125
zaf,2006,125
zaf,2007,125
zaf,2008,126
zaf,2009,126
zaf,2010,126
zaf,2011,127
zaf,2012,127
zaf,2013,127
zaf,2014,127
zaf,2015,127
zaf,2016,127
zaf,2017,127
zaf,2018,126
zaf,2019,126
zmb,2000,123
zmb,2001,123
zmb,2002,123
zmb,2003,123
zmb,2004,124
zmb,2005,124
zmb,2006,124
zmb,2007,124
zmb,2008,124
zmb,2009,125
zmb,2010,125
zmb,2011,125
zmb,2012,125
zmb,2013,125
zmb,2014,125
zmb,2015,125
zmb,2016,125
zmb,2017,125
zmb,2018,125
zmb,2019,125
zwe,2000,124
zwe,2001,124
zwe,2002,124
zwe,2003,124
zwe,2004,124
zwe,2005,124
zwe,2006,125
zwe,2007,125
zwe,2008,125
zwe,2009,125
zwe,2010,125
zwe,2011,126
zwe,2012,126
zwe,2013,126
zwe,2014,126
zwe,2015,126
zwe,2016,126
zwe,2017,126
zwe,2018,126
zwe,2019,126
