country,year,hiv_0000000011
afg,2000,0
afg,2001,0
afg,2002,0
afg,2003,0
afg,2004,0
afg,2005,0
afg,2006,0
afg,2007,0
afg,2008,0
afg,2009,1
afg,2010,2
afg,2011,5
afg,2012,6
afg,2013,11
afg,2014,16
afg,2015,12
afg,2016,37
afg,2017,56
afg,2018,61
afg,2019,60
afg,2020,62
afg,2021,62
afg,2022,66
afg,2023,77
afg,2024,90
ago,2000,0
ago,2001,0
ago,2002,0
ago,2003,0
ago,2004,0
ago,2005,66
ago,2006,270
ago,2007,480
ago,2008,897
ago,2009,1185
ago,2010,1463
ago,2011,1777
ago,2012,2304
ago,2013,2722
ago,2014,3272
ago,2015,4222
ago,2016,3172
ago,2017,3837
ago,2018,4846
ago,2019,5113
ago,2020,5961
ago,2021,6935
ago,2022,7799
ago,2023,8705
ago,2024,9507
alb,2000,0
alb,2001,0
alb,2002,0
alb,2003,0
alb,2004,1
alb,2005,10
alb,2006,12
alb,2007,12
alb,2008,12
alb,2009,14
alb,2010,14
alb,2011,14
alb,2012,15
alb,2013,19
alb,2014,18
alb,2015,17
alb,2016,17
alb,2017,17
alb,2018,17
alb,2019,15
alb,2020,13
alb,2021,13
alb,2022,14
alb,2023,15
alb,2024,16
are,2000,0
are,2001,0
are,2002,0
are,2003,0
are,2004,0
are,2005,0
are,2006,0
are,2007,0
are,2008,0
are,2009,1
are,2010,1
are,2011,1
are,2012,1
are,2013,1
are,2014,2
are,2015,2
are,2016,2
are,2017,3
are,2018,3
are,2019,3
are,2020,4
are,2021,7
are,2022,6
are,2023,4
are,2024,2
arg,2000,1107
arg,2001,1298
arg,2002,1492
arg,2003,1683
arg,2004,1870
arg,2005,2000
arg,2006,1947
arg,2007,1893
arg,2008,1870
arg,2009,1870
arg,2010,1870
arg,2011,1815
arg,2012,1762
arg,2013,1711
arg,2014,1661
arg,2015,1613
arg,2016,1566
arg,2017,1520
arg,2018,1433
arg,2019,1346
arg,2020,1259
arg,2021,1171
arg,2022,1084
arg,2023,997
arg,2024,910
arm,2000,0
arm,2001,0
arm,2002,0
arm,2003,0
arm,2004,0
arm,2005,2
arm,2006,2
arm,2007,2
arm,2008,2
arm,2009,4
arm,2010,5
arm,2011,6
arm,2012,7
arm,2013,8
arm,2014,10
arm,2015,12
arm,2016,13
arm,2017,15
arm,2018,15
arm,2019,17
arm,2020,41
arm,2021,40
arm,2022,39
arm,2023,39
arm,2024,43
aze,2000,0
aze,2001,0
aze,2002,0
aze,2003,0
aze,2004,0
aze,2005,0
aze,2006,0
aze,2007,0
aze,2008,0
aze,2009,3
aze,2010,9
aze,2011,15
aze,2012,22
aze,2013,36
aze,2014,56
aze,2015,66
aze,2016,81
aze,2017,92
aze,2018,103
aze,2019,113
aze,2020,116
aze,2021,124
aze,2022,125
aze,2023,139
aze,2024,152
bdi,2000,38
bdi,2001,49
bdi,2002,57
bdi,2003,121
bdi,2004,390
bdi,2005,642
bdi,2006,805
bdi,2007,1093
bdi,2008,1434
bdi,2009,1766
bdi,2010,1826
bdi,2011,1956
bdi,2012,2087
bdi,2013,2217
bdi,2014,2348
bdi,2015,2478
bdi,2016,2609
bdi,2017,2739
bdi,2018,2870
bdi,2019,3000
bdi,2020,3030
bdi,2021,2844
bdi,2022,2707
bdi,2023,2405
bdi,2024,2205
ben,2000,0
ben,2001,0
ben,2002,0
ben,2003,0
ben,2004,0
ben,2005,0
ben,2006,0
ben,2007,0
ben,2008,770
ben,2009,1084
ben,2010,1294
ben,2011,1606
ben,2012,1871
ben,2013,1374
ben,2014,1609
ben,2015,1845
ben,2016,2010
ben,2017,1785
ben,2018,2024
ben,2019,2280
ben,2020,2142
ben,2021,2392
ben,2022,2520
ben,2023,2368
ben,2024,2489
bfa,2000,0
bfa,2001,0
bfa,2002,0
bfa,2003,13
bfa,2004,117
bfa,2005,420
bfa,2006,534
bfa,2007,649
bfa,2008,1028
bfa,2009,1354
bfa,2010,1399
bfa,2011,1776
bfa,2012,1738
bfa,2013,1850
bfa,2014,2213
bfa,2015,2293
bfa,2016,2523
bfa,2017,2589
bfa,2018,2600
bfa,2019,2824
bfa,2020,2694
bfa,2021,2531
bfa,2022,2613
bfa,2023,2698
bfa,2024,2605
bgd,2000,0
bgd,2001,0
bgd,2002,0
bgd,2003,0
bgd,2004,0
bgd,2005,0
bgd,2006,0
bgd,2007,1
bgd,2008,2
bgd,2009,12
bgd,2010,23
bgd,2011,39
bgd,2012,48
bgd,2013,60
bgd,2014,79
bgd,2015,90
bgd,2016,112
bgd,2017,118
bgd,2018,129
bgd,2019,145
bgd,2020,161
bgd,2021,179
bgd,2022,194
bgd,2023,210
bgd,2024,225
bgr,2000,0
bgr,2001,0
bgr,2002,0
bgr,2003,0
bgr,2004,0
bgr,2005,0
bgr,2006,0
bgr,2007,3
bgr,2008,3
bgr,2009,3
bgr,2010,3
bgr,2011,3
bgr,2012,3
bgr,2013,14
bgr,2014,16
bgr,2015,11
bgr,2016,7
bgr,2017,9
bgr,2018,12
bgr,2019,9
bgr,2020,14
bgr,2021,14
bgr,2022,15
bgr,2023,17
bgr,2024,12
bhr,2000,0
bhr,2001,0
bhr,2002,2
bhr,2003,2
bhr,2004,3
bhr,2005,3
bhr,2006,3
bhr,2007,3
bhr,2008,3
bhr,2009,3
bhr,2010,3
bhr,2011,4
bhr,2012,4
bhr,2013,4
bhr,2014,4
bhr,2015,4
bhr,2016,4
bhr,2017,4
bhr,2018,4
bhr,2019,4
bhr,2020,4
bhr,2021,6
bhr,2022,1
bhr,2023,2
bhr,2024,1
blz,2000,8
blz,2001,16
blz,2002,24
blz,2003,32
blz,2004,20
blz,2005,33
blz,2006,38
blz,2007,40
blz,2008,45
blz,2009,58
blz,2010,77
blz,2011,70
blz,2012,55
blz,2013,72
blz,2014,70
blz,2015,69
blz,2016,63
blz,2017,59
blz,2018,59
blz,2019,51
blz,2020,47
blz,2021,34
blz,2022,35
blz,2023,29
blz,2024,30
bol,2000,0
bol,2001,2
bol,2002,4
bol,2003,6
bol,2004,8
bol,2005,10
bol,2006,12
bol,2007,14
bol,2008,22
bol,2009,38
bol,2010,61
bol,2011,59
bol,2012,86
bol,2013,104
bol,2014,112
bol,2015,173
bol,2016,200
bol,2017,220
bol,2018,248
bol,2019,281
bol,2020,274
bol,2021,307
bol,2022,312
bol,2023,305
bol,2024,416
brb,2000,0
brb,2001,0
brb,2002,0
brb,2003,0
brb,2004,0
brb,2005,0
brb,2006,0
brb,2007,12
brb,2008,11
brb,2009,11
brb,2010,11
brb,2011,10
brb,2012,10
brb,2013,10
brb,2014,10
brb,2015,8
brb,2016,11
brb,2017,8
brb,2018,7
brb,2019,5
brb,2020,4
brb,2021,3
brb,2022,3
brb,2023,3
brb,2024,1
btn,2000,0
btn,2001,0
btn,2002,0
btn,2003,0
btn,2004,0
btn,2005,0
btn,2006,0
btn,2007,0
btn,2008,2
btn,2009,2
btn,2010,2
btn,2011,5
btn,2012,7
btn,2013,7
btn,2014,10
btn,2015,10
btn,2016,18
btn,2017,18
btn,2018,19
btn,2019,20
btn,2020,19
btn,2021,18
btn,2022,20
btn,2023,19
btn,2024,20
bwa,2000,0
bwa,2001,0
bwa,2002,0
bwa,2003,911
bwa,2004,1822
bwa,2005,2733
bwa,2006,3644
bwa,2007,4555
bwa,2008,5466
bwa,2009,6377
bwa,2010,7288
bwa,2011,8199
bwa,2012,9110
bwa,2013,9553
bwa,2014,8578
bwa,2015,8490
bwa,2016,7441
bwa,2017,6122
bwa,2018,5433
bwa,2019,4158
bwa,2020,4436
bwa,2021,4550
bwa,2022,3868
bwa,2023,3340
bwa,2024,2881
caf,2000,52
caf,2001,104
caf,2002,156
caf,2003,208
caf,2004,260
caf,2005,312
caf,2006,143
caf,2007,302
caf,2008,593
caf,2009,661
caf,2010,825
caf,2011,702
caf,2012,818
caf,2013,922
caf,2014,1563
caf,2015,1593
caf,2016,1623
caf,2017,2210
caf,2018,2514
caf,2019,3156
caf,2020,3546
caf,2021,3898
caf,2022,4201
caf,2023,3408
caf,2024,3447
chl,2000,77
chl,2001,98
chl,2002,105
chl,2003,127
chl,2004,135
chl,2005,144
chl,2006,168
chl,2007,175
chl,2008,189
chl,2009,197
chl,2010,206
chl,2011,199
chl,2012,173
chl,2013,168
chl,2014,171
chl,2015,144
chl,2016,162
chl,2017,146
chl,2018,136
chl,2019,152
chl,2020,142
chl,2021,126
chl,2022,133
chl,2023,132
chl,2024,109
civ,2000,223
civ,2001,446
civ,2002,669
civ,2003,892
civ,2004,1115
civ,2005,1338
civ,2006,1184
civ,2007,1785
civ,2008,2230
civ,2009,4320
civ,2010,4301
civ,2011,5086
civ,2012,5578
civ,2013,6779
civ,2014,6932
civ,2015,7689
civ,2016,9154
civ,2017,14937
civ,2018,12347
civ,2019,11330
civ,2020,10333
civ,2021,9731
civ,2022,9296
civ,2023,9063
civ,2024,8638
cmr,2000,211
cmr,2001,422
cmr,2002,633
cmr,2003,844
cmr,2004,1055
cmr,2005,1266
cmr,2006,1477
cmr,2007,1694
cmr,2008,2090
cmr,2009,3114
cmr,2010,3994
cmr,2011,4440
cmr,2012,4992
cmr,2013,5631
cmr,2014,6099
cmr,2015,7096
cmr,2016,8486
cmr,2017,9824
cmr,2018,10279
cmr,2019,10407
cmr,2020,11108
cmr,2021,11300
cmr,2022,11172
cmr,2023,11357
cmr,2024,11127
cod,2000,0
cod,2001,0
cod,2002,0
cod,2003,0
cod,2005,454
cod,2006,891
cod,2007,1093
cod,2008,1214
cod,2009,1749
cod,2010,2193
cod,2011,6077
cod,2012,4972
cod,2013,4955
cod,2014,8523
cod,2015,10392
cod,2016,14333
cod,2017,17465
cod,2018,15970
cod,2019,18340
cod,2020,21914
cod,2021,24542
cod,2022,26748
cod,2023,22235
cod,2024,21025
cog,2000,57
cog,2001,114
cog,2002,171
cog,2003,228
cog,2004,285
cog,2005,342
cog,2006,399
cog,2007,462
cog,2008,492
cog,2009,644
cog,2010,972
cog,2011,1051
cog,2012,1148
cog,2013,1170
cog,2014,1452
cog,2015,1442
cog,2016,1497
cog,2017,1400
cog,2018,1400
cog,2019,1406
cog,2020,1380
cog,2021,1432
cog,2022,1597
cog,2023,1899
cog,2024,2081
col,2000,0
col,2001,70
col,2002,140
col,2003,211
col,2004,281
col,2005,351
col,2006,421
col,2007,491
col,2008,655
col,2009,819
col,2010,797
col,2011,722
col,2012,826
col,2013,879
col,2014,927
col,2015,937
col,2016,899
col,2017,651
col,2018,778
col,2019,732
col,2020,667
col,2021,663
col,2022,633
col,2023,656
com,2000,0
com,2001,0
com,2002,0
com,2003,0
com,2004,0
com,2005,0
com,2006,0
com,2007,0
com,2008,0
com,2009,0
com,2010,0
com,2011,0
com,2012,0
com,2013,0
com,2014,0
com,2015,0
com,2016,0
com,2017,0
com,2018,1
com,2019,3
com,2020,5
com,2021,4
com,2022,4
com,2023,5
com,2024,7
cpv,2014,92
cpv,2015,88
cpv,2016,71
cpv,2017,81
cpv,2018,76
cpv,2019,72
cpv,2020,69
cpv,2021,66
cpv,2022,68
cpv,2023,46
cpv,2024,49
cri,2000,6
cri,2001,12
cri,2002,18
cri,2003,24
cri,2004,30
cri,2005,36
cri,2006,42
cri,2007,52
cri,2008,52
cri,2009,61
cri,2010,62
cri,2011,63
cri,2012,63
cri,2013,64
cri,2014,63
cri,2015,65
cri,2016,65
cri,2017,68
cri,2018,36
cri,2019,39
cri,2020,35
cri,2021,33
cri,2022,28
cri,2023,83
cri,2024,36
cub,2000,2
cub,2001,4
cub,2002,6
cub,2003,8
cub,2004,9
cub,2005,13
cub,2006,16
cub,2007,18
cub,2008,19
cub,2009,20
cub,2010,22
cub,2011,23
cub,2012,24
cub,2013,27
cub,2014,28
cub,2015,28
cub,2016,28
cub,2017,29
cub,2018,27
cub,2019,29
cub,2020,32
cub,2021,31
cub,2022,30
cub,2023,35
cub,2024,41
dji,2000,0
dji,2001,0
dji,2002,0
dji,2003,0
dji,2004,20
dji,2005,22
dji,2006,52
dji,2007,55
dji,2008,36
dji,2009,24
dji,2010,41
dji,2011,40
dji,2012,40
dji,2013,46
dji,2014,52
dji,2015,74
dji,2016,78
dji,2017,82
dji,2018,82
dji,2019,48
dji,2020,50
dji,2021,64
dji,2022,69
dji,2023,73
dji,2024,67
dnk,2000,0
dom,2000,0
dom,2001,0
dom,2002,0
dom,2003,0
dom,2004,0
dom,2005,207
dom,2006,372
dom,2007,589
dom,2008,786
dom,2009,873
dom,2010,950
dom,2011,1022
dom,2012,1083
dom,2013,1000
dom,2014,896
dom,2015,809
dom,2016,777
dom,2017,783
dom,2018,784
dom,2019,626
dom,2020,572
dom,2021,604
dom,2022,595
dom,2023,514
dom,2024,466
dza,2000,0
dza,2001,0
dza,2002,0
dza,2003,0
dza,2004,0
dza,2005,0
dza,2006,0
dza,2007,45
dza,2008,61
dza,2009,97
dza,2010,106
dza,2011,200
dza,2012,262
dza,2013,437
ecu,2000,0
ecu,2001,0
ecu,2002,0
ecu,2003,0
ecu,2004,0
ecu,2005,0
ecu,2006,200
ecu,2007,231
ecu,2008,374
ecu,2009,315
ecu,2010,403
ecu,2011,312
ecu,2012,316
ecu,2013,354
ecu,2014,388
ecu,2015,449
ecu,2016,517
ecu,2017,560
ecu,2018,541
ecu,2019,579
ecu,2020,546
ecu,2021,656
ecu,2022,682
ecu,2023,371
ecu,2024,380
egy,2000,2
egy,2001,4
egy,2002,6
egy,2003,8
egy,2004,10
egy,2005,12
egy,2006,14
egy,2007,18
egy,2008,23
egy,2009,27
egy,2010,32
egy,2011,40
egy,2012,42
egy,2013,53
egy,2014,65
egy,2015,73
egy,2016,95
egy,2017,143
egy,2018,178
egy,2019,220
egy,2020,262
egy,2021,286
egy,2022,337
egy,2023,420
egy,2024,495
eri,2000,0
eri,2001,8
eri,2002,9
eri,2003,9
eri,2004,10
eri,2005,20
eri,2006,58
eri,2007,89
eri,2008,120
eri,2009,170
eri,2010,232
eri,2011,284
eri,2012,337
eri,2013,377
eri,2014,414
eri,2015,444
eri,2016,518
eri,2017,447
eri,2018,496
eri,2019,442
eri,2020,316
eri,2021,270
eri,2022,190
eri,2023,179
eri,2024,152
eth,2000,0
eth,2001,0
eth,2002,0
eth,2003,0
eth,2004,0
eth,2005,390
eth,2006,1909
eth,2007,3807
eth,2008,6203
eth,2009,8678
eth,2010,10909
eth,2011,13421
eth,2012,14807
eth,2013,16513
eth,2014,22019
eth,2015,19628
eth,2016,21408
eth,2017,21508
eth,2018,21558
eth,2019,19054
eth,2020,17393
eth,2021,15118
eth,2022,14681
eth,2023,12928
eth,2024,11624
fji,2000,0
fji,2001,0
fji,2002,0
fji,2003,0
fji,2004,0
fji,2005,0
fji,2006,0
fji,2007,0
fji,2008,0
fji,2009,0
fji,2010,0
fji,2011,0
fji,2012,3
fji,2013,1
fji,2014,0
fji,2015,0
fji,2016,13
fji,2017,18
fji,2018,26
fji,2019,33
fji,2020,38
fji,2021,36
fji,2022,46
fji,2023,55
fji,2024,64
gab,2000,0
gab,2001,0
gab,2002,0
gab,2003,0
gab,2004,0
gab,2005,0
gab,2006,48
gab,2007,73
gab,2008,217
gab,2009,275
gab,2010,371
gab,2011,414
gab,2012,494
gab,2013,512
gab,2014,529
gab,2015,547
gab,2016,565
gab,2017,582
gab,2018,600
gab,2019,637
gab,2020,608
gab,2021,587
gab,2022,543
gab,2023,547
gab,2024,495
geo,2000,0
geo,2001,0
geo,2002,0
geo,2003,0
geo,2004,2
geo,2005,7
geo,2006,8
geo,2007,15
geo,2008,24
geo,2009,28
geo,2010,34
geo,2011,35
geo,2012,39
geo,2013,45
geo,2014,48
geo,2015,53
geo,2016,46
geo,2017,47
geo,2018,46
geo,2019,45
geo,2020,42
geo,2021,41
geo,2022,42
geo,2023,37
geo,2024,38
gha,2000,0
gha,2001,0
gha,2002,0
gha,2003,0
gha,2004,27
gha,2005,136
gha,2006,257
gha,2007,538
gha,2008,946
gha,2009,1617
gha,2010,2387
gha,2011,2957
gha,2012,3504
gha,2013,3907
gha,2014,4581
gha,2015,3664
gha,2016,4356
gha,2017,4524
gha,2018,4437
gha,2019,4281
gha,2020,4661
gha,2021,5063
gha,2022,5338
gha,2023,5317
gha,2024,6521
gin,2000,38
gin,2001,76
gin,2002,114
gin,2003,152
gin,2004,190
gin,2005,228
gin,2006,266
gin,2007,307
gin,2008,511
gin,2009,674
gin,2010,857
gin,2011,857
gin,2012,1114
gin,2013,1300
gin,2014,1484
gin,2015,1480
gin,2016,1479
gin,2017,1851
gin,2018,1914
gin,2019,2100
gin,2020,3570
gin,2021,2430
gin,2022,3612
gin,2023,6339
gin,2024,6473
gmb,2000,0
gmb,2001,0
gmb,2002,0
gmb,2003,0
gmb,2004,0
gmb,2005,0
gmb,2006,0
gmb,2007,0
gmb,2008,123
gmb,2009,143
gmb,2010,161
gmb,2011,230
gmb,2012,271
gmb,2013,289
gmb,2014,373
gmb,2015,438
gmb,2016,544
gmb,2017,479
gmb,2018,551
gmb,2019,579
gmb,2020,581
gmb,2021,550
gmb,2022,566
gmb,2023,606
gmb,2024,677
gnb,2000,5
gnb,2001,10
gnb,2002,15
gnb,2003,20
gnb,2004,25
gnb,2005,30
gnb,2006,35
gnb,2007,41
gnb,2008,97
gnb,2009,120
gnb,2010,181
gnb,2011,260
gnb,2012,369
gnb,2013,428
gnb,2014,395
gnb,2015,470
gnb,2016,605
gnb,2017,677
gnb,2018,700
gnb,2019,897
gnb,2020,1173
gnb,2021,957
gnb,2022,1156
gnb,2023,1189
gnb,2024,1386
gtm,2000,0
gtm,2001,0
gtm,2002,0
gtm,2003,413
gtm,2004,403
gtm,2005,419
gtm,2006,286
gtm,2007,599
gtm,2008,399
gtm,2009,768
gtm,2010,661
gtm,2011,935
gtm,2012,1024
gtm,2013,951
gtm,2014,990
gtm,2015,859
gtm,2016,758
gtm,2017,719
gtm,2018,730
gtm,2019,686
gtm,2020,606
gtm,2021,532
gtm,2022,497
gtm,2023,463
gtm,2024,432
guy,2000,0
guy,2001,0
guy,2002,0
guy,2003,0
guy,2004,0
guy,2005,0
guy,2006,0
guy,2007,0
guy,2008,168
guy,2009,178
guy,2010,177
guy,2011,201
guy,2012,201
guy,2013,184
guy,2014,174
guy,2015,159
guy,2016,158
guy,2017,129
guy,2018,107
guy,2019,114
guy,2020,97
guy,2021,80
guy,2022,73
guy,2023,58
guy,2024,67
hnd,2000,0
hnd,2001,0
hnd,2002,0
hnd,2003,372
hnd,2004,416
hnd,2005,517
hnd,2006,602
hnd,2007,696
hnd,2008,735
hnd,2009,815
hnd,2010,822
hnd,2011,736
hnd,2012,783
hnd,2013,725
hnd,2014,700
hnd,2015,573
hnd,2016,539
hnd,2017,533
hnd,2018,360
hnd,2019,334
hnd,2020,309
hnd,2021,297
hnd,2022,208
hnd,2023,162
hnd,2024,153
hrv,2000,0
hrv,2001,0
hrv,2002,0
hrv,2003,0
hrv,2004,0
hrv,2006,5
hrv,2008,4
hrv,2009,4
hrv,2010,4
hrv,2011,6
hrv,2012,4
hrv,2013,6
hrv,2014,6
hrv,2015,3
hrv,2016,3
hrv,2017,4
hrv,2018,4
hrv,2019,3
hrv,2020,3
hrv,2021,3
hrv,2022,3
hrv,2023,3
hrv,2024,4
hti,2000,72
hti,2001,144
hti,2002,226
hti,2003,288
hti,2004,304
hti,2005,353
hti,2006,436
hti,2007,500
hti,2008,657
hti,2009,721
hti,2010,563
hti,2011,737
hti,2012,900
hti,2013,1095
hti,2014,1474
hti,2015,1578
hti,2016,1359
hti,2017,2358
hti,2018,2292
hti,2019,2797
hti,2020,3326
hti,2021,3241
hti,2022,3321
hti,2023,3231
hti,2024,3108
idn,2000,4
idn,2001,8
idn,2002,12
idn,2003,16
idn,2004,20
idn,2005,24
idn,2006,28
idn,2007,38
idn,2008,500
idn,2009,612
idn,2010,723
idn,2011,835
idn,2012,1059
idn,2013,1631
idn,2014,2057
idn,2015,2708
idn,2016,3030
idn,2017,3142
idn,2018,3253
idn,2019,3365
idn,2020,3476
idn,2021,3588
idn,2022,3699
idn,2023,3811
idn,2024,4465
irl,2016,26
irl,2017,24
irl,2018,24
irl,2019,22
irl,2020,18
irl,2022,20
irl,2023,22
irl,2024,39
irq,2000,0
irq,2001,0
irq,2002,0
irq,2003,0
irq,2004,0
irq,2005,0
irq,2006,0
irq,2007,0
irq,2008,0
irq,2009,0
irq,2010,0
irq,2011,0
irq,2012,0
irq,2013,0
irq,2014,0
irq,2015,1
irq,2016,2
irq,2017,3
irq,2018,6
irq,2019,7
irq,2020,13
irq,2021,19
irq,2022,24
irq,2023,37
irq,2024,49
isl,2000,1
isl,2001,1
isl,2002,1
isl,2003,1
isl,2004,1
isl,2005,1
isl,2006,1
isl,2007,1
isl,2008,1
isl,2009,1
isl,2010,0
isl,2011,0
isl,2012,0
isl,2013,0
isl,2014,0
isl,2015,0
isl,2016,0
isl,2017,0
isl,2018,1
jam,2000,1
jam,2001,5
jam,2002,26
jam,2003,54
jam,2004,79
jam,2005,124
jam,2006,256
jam,2007,348
jam,2008,400
jam,2009,436
jam,2010,436
jam,2011,462
jam,2012,356
jam,2013,347
jam,2014,323
jam,2015,291
jam,2016,260
jam,2017,224
jam,2018,217
jam,2019,217
jam,2020,174
jam,2021,158
jam,2022,129
jam,2023,133
jam,2024,130
jor,2000,0
jor,2001,0
jor,2002,0
jor,2003,0
jor,2004,0
jor,2005,0
jor,2006,1
jor,2007,1
jor,2008,0
jor,2009,0
jor,2010,1
jor,2011,1
jor,2012,4
jor,2013,1
jor,2014,3
jor,2015,1
jor,2016,2
jor,2017,1
jor,2018,3
jor,2019,3
jor,2020,3
jor,2021,2
jor,2022,2
jor,2023,1
jor,2024,2
kaz,2000,0
kaz,2001,0
kaz,2002,0
kaz,2003,0
kaz,2004,0
kaz,2005,0
kaz,2006,25
kaz,2007,71
kaz,2008,132
kaz,2009,188
kaz,2010,211
kaz,2011,242
kaz,2012,291
kaz,2013,327
kaz,2014,359
kaz,2015,380
kaz,2016,406
kaz,2017,440
kaz,2018,430
kaz,2019,401
kaz,2020,307
kaz,2021,292
kaz,2022,292
kaz,2023,295
kaz,2024,294
ken,2000,0
ken,2001,0
ken,2002,0
ken,2003,0
ken,2004,0
ken,2005,0
ken,2006,8333
ken,2007,16668
ken,2008,20577
ken,2009,28370
ken,2010,36096
ken,2011,48548
ken,2012,55438
ken,2013,60141
ken,2014,66070
ken,2015,71547
ken,2016,78739
ken,2017,86323
ken,2018,77074
ken,2019,73076
ken,2020,69387
ken,2021,64034
ken,2022,57368
ken,2023,52300
ken,2024,47169
kgz,2000,0
kgz,2001,0
kgz,2002,0
kgz,2003,0
kgz,2004,0
kgz,2005,0
kgz,2006,3
kgz,2007,24
kgz,2008,66
kgz,2009,112
kgz,2010,144
kgz,2011,172
kgz,2012,220
kgz,2013,299
kgz,2014,366
kgz,2015,389
kgz,2016,418
kgz,2017,443
kgz,2018,447
kgz,2019,426
kgz,2020,320
kgz,2021,198
kgz,2022,167
kgz,2023,151
kgz,2024,156
khm,2000,0
khm,2001,0
khm,2002,0
khm,2003,100
khm,2004,452
khm,2005,560
khm,2006,1124
khm,2007,1801
khm,2008,2431
khm,2009,2832
khm,2010,3128
khm,2011,3313
khm,2012,3319
khm,2013,3123
khm,2014,2990
khm,2015,2818
khm,2016,2636
khm,2017,2482
khm,2018,2428
khm,2019,2046
khm,2020,1665
khm,2021,1265
khm,2022,1162
khm,2023,956
khm,2024,828
kna,2000,0
kna,2001,0
kna,2002,0
kna,2003,0
kna,2004,0
kna,2005,0
kna,2006,0
kna,2007,0
kna,2008,0
kna,2009,0
kna,2010,0
kna,2011,0
kna,2012,0
kna,2013,0
kna,2014,0
kna,2015,0
kna,2016,0
kna,2017,0
kna,2018,0
kna,2019,0
kna,2020,0
kna,2021,0
kna,2022,0
kna,2023,0
kna,2024,0
kwt,2000,1
kwt,2001,2
kwt,2002,2
kwt,2003,2
kwt,2004,2
kwt,2005,3
kwt,2006,3
kwt,2007,3
kwt,2008,3
kwt,2009,3
kwt,2010,4
kwt,2011,3
kwt,2012,3
kwt,2013,4
kwt,2014,4
kwt,2015,4
kwt,2016,4
kwt,2017,4
kwt,2018,5
kwt,2019,6
kwt,2020,7
kwt,2021,7
kwt,2022,8
kwt,2023,8
kwt,2024,8
lao,2000,0
lao,2001,0
lao,2002,0
lao,2003,1
lao,2004,13
lao,2005,19
lao,2006,29
lao,2007,36
lao,2008,72
lao,2009,95
lao,2010,117
lao,2011,133
lao,2012,163
lao,2013,189
lao,2014,214
lao,2015,222
lao,2016,235
lao,2017,277
lao,2018,279
lao,2019,298
lao,2020,309
lao,2021,302
lao,2022,314
lao,2023,312
lao,2024,320
lbn,2000,0
lbn,2001,0
lbn,2002,0
lbn,2003,0
lbn,2004,1
lbn,2005,1
lbn,2006,2
lbn,2007,2
lbn,2008,3
lbn,2009,4
lbn,2010,4
lbn,2011,5
lbn,2012,5
lbn,2013,5
lbn,2014,5
lbn,2015,5
lbn,2016,5
lbn,2017,4
lbn,2018,4
lbn,2019,4
lbn,2020,3
lbn,2021,3
lbn,2022,4
lbn,2023,4
lbn,2024,4
lbr,2000,0
lbr,2001,0
lbr,2002,0
lbr,2003,0
lbr,2004,0
lbr,2005,0
lbr,2006,0
lbr,2007,92
lbr,2008,188
lbr,2009,266
lbr,2010,314
lbr,2011,570
lbr,2012,430
lbr,2013,378
lbr,2014,406
lbr,2015,389
lbr,2016,442
lbr,2017,589
lbr,2018,680
lbr,2019,763
lbr,2020,842
lbr,2021,808
lbr,2022,935
lbr,2023,865
lbr,2024,925
lby,2000,0
lby,2001,0
lby,2002,0
lby,2003,0
lby,2004,0
lby,2005,0
lby,2006,0
lby,2007,0
lby,2008,0
lby,2009,0
lby,2010,73
lby,2011,74
lby,2012,76
lby,2013,77
lby,2014,81
lby,2015,91
lby,2016,96
lby,2017,103
lby,2018,103
lby,2019,107
lby,2020,100
lby,2021,92
lby,2022,109
lby,2023,89
lca,2000,0
lca,2001,0
lca,2002,0
lca,2003,0
lca,2004,0
lca,2005,0
lca,2006,0
lca,2007,1
lca,2008,0
lca,2009,1
lca,2010,0
lca,2011,1
lca,2012,0
lca,2013,0
lca,2014,0
lca,2015,2
lca,2016,1
lca,2017,1
lca,2018,1
lca,2019,1
lca,2020,1
lca,2021,0
lca,2022,0
lca,2023,0
lca,2024,0
lka,2000,0
lka,2001,0
lka,2002,0
lka,2003,0
lka,2004,0
lka,2005,3
lka,2006,3
lka,2007,6
lka,2008,7
lka,2009,11
lka,2010,14
lka,2011,18
lka,2012,24
lka,2013,27
lka,2014,34
lka,2015,35
lka,2016,41
lka,2017,43
lka,2018,43
lka,2019,42
lka,2020,38
lka,2021,39
lka,2022,35
lka,2023,40
lka,2024,37
lso,2000,0
lso,2001,0
lso,2002,0
lso,2003,0
lso,2004,0
lso,2005,264
lso,2006,1143
lso,2007,2335
lso,2008,4310
lso,2009,3985
lso,2010,4812
lso,2011,5028
lso,2012,5246
lso,2013,5201
lso,2014,5687
lso,2015,7466
lso,2016,9175
lso,2017,8629
lso,2018,8427
lso,2019,8292
lso,2020,6733
lso,2021,6239
lso,2022,5197
lso,2023,5109
lso,2024,4722
lux,2000,2
lux,2001,3
lux,2002,2
lux,2003,2
lux,2004,2
lux,2005,0
lux,2006,0
lux,2007,0
lux,2008,1
lux,2009,2
lux,2010,2
lux,2011,2
lux,2012,2
lux,2013,0
lux,2014,3
lux,2015,1
lux,2016,1
lux,2017,1
lux,2018,1
lux,2019,1
lux,2020,3
lux,2021,3
lux,2022,7
lux,2023,8
lux,2024,5
mar,2000,0
mar,2001,0
mar,2002,0
mar,2003,27
mar,2004,43
mar,2005,54
mar,2006,65
mar,2007,78
mar,2008,103
mar,2009,123
mar,2010,148
mar,2011,188
mar,2012,222
mar,2013,300
mar,2014,404
mar,2015,433
mar,2016,485
mar,2017,528
mar,2018,575
mar,2019,649
mar,2020,720
mar,2021,749
mar,2022,719
mar,2023,737
mar,2024,800
mda,2000,0
mda,2001,0
mda,2002,0
mda,2003,4
mda,2004,5
mda,2005,7
mda,2006,14
mda,2007,19
mda,2008,29
mda,2009,34
mda,2010,41
mda,2011,52
mda,2012,63
mda,2013,82
mda,2014,98
mda,2015,106
mda,2016,122
mda,2017,130
mda,2018,126
mda,2019,131
mda,2020,132
mda,2021,131
mda,2022,129
mda,2023,133
mda,2024,124
mdg,2000,0
mdg,2001,0
mdg,2002,0
mdg,2003,0
mdg,2004,0
mdg,2005,0
mdg,2006,0
mdg,2007,0
mdg,2008,4
mdg,2009,5
mdg,2010,18
mdg,2011,13
mdg,2012,14
mdg,2013,17
mdg,2014,29
mdg,2015,16
mdg,2016,41
mdg,2017,55
mdg,2018,91
mdg,2019,151
mdg,2020,154
mdg,2021,256
mdg,2022,341
mdg,2023,262
mdg,2024,748
mdv,2000,0
mdv,2001,0
mdv,2002,0
mdv,2003,0
mdv,2004,0
mdv,2005,0
mdv,2006,0
mdv,2007,0
mdv,2008,0
mdv,2009,0
mdv,2010,0
mdv,2011,0
mdv,2012,0
mdv,2013,0
mdv,2014,0
mdv,2015,0
mdv,2016,0
mdv,2017,0
mdv,2018,0
mdv,2019,0
mdv,2020,0
mdv,2021,0
mdv,2022,0
mdv,2023,0
mdv,2024,0
mex,2000,236
mex,2001,312
mex,2002,421
mex,2003,564
mex,2004,644
mex,2005,741
mex,2006,911
mex,2007,1067
mex,2008,1216
mex,2009,1358
mex,2010,1495
mex,2011,1620
mex,2012,1781
mex,2013,1805
mex,2014,1815
mex,2015,1826
mex,2016,1785
mex,2017,1743
mex,2018,1671
mex,2019,1697
mex,2020,1680
mex,2021,1691
mex,2022,1600
mex,2023,1578
mex,2024,1710
mkd,2000,0
mkd,2001,0
mkd,2002,0
mkd,2003,0
mkd,2004,0
mkd,2005,0
mkd,2006,0
mkd,2007,1
mkd,2008,1
mkd,2009,1
mkd,2010,1
mkd,2011,1
mkd,2012,1
mkd,2013,2
mkd,2014,2
mkd,2015,2
mkd,2016,1
mkd,2017,1
mkd,2018,1
mkd,2019,1
mkd,2020,1
mkd,2021,1
mkd,2022,0
mkd,2023,0
mkd,2024,0
mli,2000,0
mli,2001,10
mli,2002,57
mli,2003,86
mli,2004,126
mli,2005,202
mli,2006,242
mli,2007,579
mli,2008,919
mli,2009,1197
mli,2010,1392
mli,2011,1732
mli,2012,1912
mli,2013,2001
mli,2014,2359
mli,2015,2665
mli,2016,2820
mli,2017,3030
mli,2018,3446
mli,2019,2522
mli,2020,2743
mli,2021,3824
mli,2022,4347
mli,2023,4965
mli,2024,5154
mlt,2000,0
mlt,2001,0
mlt,2002,0
mlt,2003,0
mlt,2004,0
mlt,2005,0
mlt,2006,0
mlt,2007,0
mlt,2008,0
mlt,2009,0
mlt,2010,0
mlt,2011,0
mlt,2012,0
mlt,2013,0
mlt,2014,0
mlt,2015,0
mlt,2016,1
mlt,2017,1
mlt,2018,2
mlt,2019,2
mlt,2020,2
mlt,2021,1
mlt,2022,1
mlt,2023,1
mmr,2000,0
mmr,2001,0
mmr,2002,0
mmr,2003,0
mmr,2004,0
mmr,2005,136
mmr,2006,317
mmr,2007,690
mmr,2008,967
mmr,2009,1483
mmr,2010,2111
mmr,2011,2995
mmr,2012,4031
mmr,2013,4925
mmr,2014,5683
mmr,2015,6916
mmr,2016,7298
mmr,2017,7669
mmr,2018,7887
mmr,2019,7927
mmr,2020,7697
mmr,2021,6587
mmr,2022,6137
mmr,2023,5480
mmr,2024,5197
mne,2000,1
mne,2001,1
mne,2002,1
mne,2003,2
mne,2004,2
mne,2005,2
mne,2006,2
mne,2007,2
mne,2008,3
mne,2009,3
mne,2010,3
mne,2011,3
mne,2012,3
mne,2013,3
mne,2014,3
mne,2015,3
mne,2016,3
mne,2017,1
mne,2018,0
mne,2019,0
mne,2020,0
mne,2021,0
mne,2022,0
mne,2023,0
mne,2024,0
mng,2000,0
mng,2001,0
mng,2002,0
mng,2003,0
mng,2004,0
mng,2005,0
mng,2006,0
mng,2007,0
mng,2008,0
mng,2009,0
mng,2010,0
mng,2011,0
mng,2012,0
mng,2013,0
mng,2014,0
mng,2015,0
mng,2016,0
mng,2017,0
mng,2018,0
mng,2019,0
mng,2020,0
mng,2021,0
mng,2022,0
mng,2023,0
mng,2024,0
moz,2000,0
moz,2001,0
moz,2002,0
moz,2003,281
moz,2004,677
moz,2005,1631
moz,2006,3416
moz,2007,6199
moz,2008,9393
moz,2009,13510
moz,2010,17395
moz,2011,23053
moz,2012,25890
moz,2013,41400
moz,2014,60768
moz,2015,64273
moz,2016,75953
moz,2017,86508
moz,2018,86920
moz,2019,95080
moz,2020,83083
moz,2021,86986
moz,2022,90911
moz,2023,94456
moz,2024,97747
mrt,2000,2
mrt,2001,4
mrt,2002,6
mrt,2003,8
mrt,2004,10
mrt,2005,6
mrt,2006,6
mrt,2007,6
mrt,2008,12
mrt,2009,12
mrt,2010,26
mrt,2011,0
mrt,2012,0
mrt,2013,99
mrt,2014,126
mrt,2015,157
mrt,2016,162
mrt,2017,163
mrt,2018,175
mrt,2019,165
mrt,2020,160
mrt,2021,153
mrt,2022,145
mrt,2023,157
mrt,2024,165
mwi,2000,0
mwi,2001,0
mwi,2002,0
mwi,2003,0
mwi,2004,351
mwi,2005,1015
mwi,2006,2773
mwi,2007,5424
mwi,2008,8948
mwi,2009,12126
mwi,2010,15733
mwi,2011,20286
mwi,2012,24876
mwi,2013,29462
mwi,2014,32517
mwi,2015,35872
mwi,2016,41031
mwi,2017,45481
mwi,2018,45096
mwi,2019,47960
mwi,2020,46274
mwi,2021,41422
mwi,2022,38195
mwi,2023,34442
mwi,2024,30976
mys,2000,50
mys,2001,81
mys,2002,111
mys,2003,142
mys,2004,173
mys,2005,202
mys,2006,230
mys,2007,256
mys,2008,279
mys,2009,299
mys,2010,314
mys,2011,326
mys,2012,319
mys,2013,322
mys,2014,310
mys,2015,296
mys,2016,281
mys,2017,263
mys,2018,251
mys,2019,241
mys,2020,260
mys,2021,238
mys,2022,222
mys,2023,205
mys,2024,212
nam,2000,0
nam,2001,0
nam,2002,0
nam,2003,39
nam,2004,950
nam,2005,1993
nam,2006,3628
nam,2007,5569
nam,2008,6893
nam,2009,7622
nam,2010,8054
nam,2011,9113
nam,2012,10029
nam,2013,9161
nam,2014,8892
nam,2015,8825
nam,2016,8135
nam,2017,7823
nam,2018,7598
nam,2019,7199
nam,2020,6290
nam,2021,6222
nam,2022,5709
nam,2023,5005
nam,2024,4656
ner,2000,0
ner,2001,0
ner,2002,0
ner,2003,0
ner,2004,2
ner,2005,15
ner,2006,94
ner,2007,139
ner,2008,123
ner,2009,258
ner,2010,335
ner,2011,496
ner,2012,669
ner,2013,554
ner,2014,654
ner,2015,922
ner,2016,894
ner,2017,1112
ner,2018,1330
ner,2019,1283
ner,2020,1118
ner,2021,1425
ner,2022,1481
ner,2023,1297
ner,2024,1242
nld,2000,76
nld,2001,88
nld,2002,99
nld,2003,108
nld,2004,118
nld,2005,122
nld,2006,115
nld,2007,110
nld,2008,117
nld,2009,114
nld,2010,123
nld,2011,134
nld,2012,148
nld,2013,153
nld,2014,157
nld,2015,160
nld,2016,164
nld,2017,160
nld,2018,162
nld,2019,160
nld,2020,153
nld,2021,139
nld,2022,130
nld,2023,111
npl,2000,0
npl,2001,0
npl,2002,0
npl,2003,0
npl,2004,0
npl,2005,0
npl,2006,20
npl,2007,50
npl,2008,119
npl,2009,205
npl,2010,288
npl,2011,432
npl,2012,551
npl,2013,638
npl,2014,783
npl,2015,893
npl,2016,982
npl,2017,1291
npl,2018,1275
npl,2019,1306
npl,2020,1221
npl,2021,1158
npl,2022,1124
npl,2023,984
npl,2024,893
nzl,2005,18
nzl,2006,19
nzl,2007,22
nzl,2008,30
nzl,2009,27
nzl,2010,23
nzl,2011,28
nzl,2012,28
nzl,2013,27
nzl,2014,20
nzl,2015,23
nzl,2016,16
nzl,2017,21
nzl,2018,18
nzl,2019,12
nzl,2020,11
nzl,2021,11
nzl,2022,11
nzl,2023,11
nzl,2024,11
omn,2000,0
omn,2001,0
omn,2002,0
omn,2003,0
omn,2004,0
omn,2005,0
omn,2006,0
omn,2007,0
omn,2008,9
omn,2009,9
omn,2010,11
omn,2011,18
omn,2012,22
omn,2013,22
omn,2014,25
omn,2015,31
omn,2016,37
omn,2017,39
omn,2018,35
omn,2019,40
omn,2020,36
omn,2021,33
omn,2022,29
omn,2023,22
omn,2024,23
pak,2000,2
pak,2001,4
pak,2002,6
pak,2003,8
pak,2004,10
pak,2005,12
pak,2006,14
pak,2007,21
pak,2008,38
pak,2009,57
pak,2010,57
pak,2011,51
pak,2012,85
pak,2013,108
pak,2014,133
pak,2015,263
pak,2016,334
pak,2017,445
pak,2018,614
pak,2019,1884
pak,2020,2113
pak,2021,2466
pak,2022,2796
pak,2023,3592
pak,2024,3866
pan,2000,0
pan,2001,0
pan,2002,26
pan,2003,29
pan,2004,34
pan,2005,29
pan,2006,13
pan,2007,49
pan,2008,99
pan,2009,148
pan,2010,250
pan,2011,256
pan,2012,260
pan,2013,224
pan,2014,200
pan,2015,203
pan,2016,222
pan,2017,181
pan,2018,204
pan,2019,215
pan,2020,197
pan,2021,197
pan,2022,203
pan,2023,199
pan,2024,207
per,2000,40
per,2001,80
per,2002,120
per,2003,160
per,2004,200
per,2005,240
per,2006,280
per,2007,357
per,2008,394
per,2009,517
per,2010,539
per,2011,540
per,2012,577
per,2013,730
per,2014,798
per,2015,888
per,2016,728
per,2017,765
per,2018,825
per,2019,901
per,2020,865
per,2021,884
per,2022,997
per,2023,1039
per,2024,915
phl,2000,0
phl,2001,0
phl,2002,0
phl,2003,0
phl,2004,0
phl,2005,0
phl,2006,0
phl,2007,3
phl,2008,13
phl,2009,17
phl,2010,20
phl,2011,19
phl,2012,33
phl,2013,22
phl,2014,24
phl,2015,40
phl,2016,44
phl,2017,67
phl,2018,85
phl,2019,122
phl,2020,122
phl,2021,144
phl,2022,172
phl,2023,198
phl,2024,224
png,2000,0
png,2001,0
png,2002,0
png,2003,0
png,2004,1
png,2005,7
png,2006,41
png,2007,221
png,2008,311
png,2009,397
png,2010,482
png,2011,573
png,2012,735
png,2013,887
png,2014,1042
png,2015,1170
png,2016,1267
png,2017,1337
png,2018,1445
png,2019,1544
png,2020,1696
png,2021,2004
png,2022,2147
png,2023,2200
png,2024,2372
pry,2000,0
pry,2001,0
pry,2002,0
pry,2003,0
pry,2004,0
pry,2005,78
pry,2006,91
pry,2007,73
pry,2008,84
pry,2009,91
pry,2010,106
pry,2011,167
pry,2012,181
pry,2013,197
pry,2014,175
pry,2015,181
pry,2016,187
pry,2017,186
pry,2018,172
pry,2019,168
pry,2020,134
pry,2021,128
pry,2022,137
pry,2023,139
pry,2024,132
qat,2000,0
qat,2001,0
qat,2002,0
qat,2003,0
qat,2004,0
qat,2005,0
qat,2006,0
qat,2007,0
qat,2008,0
qat,2009,0
qat,2010,0
qat,2011,0
qat,2012,0
qat,2013,0
qat,2014,0
qat,2015,1
qat,2016,1
qat,2017,1
qat,2018,1
qat,2019,2
qat,2020,2
qat,2021,1
qat,2022,1
qat,2023,1
qat,2024,1
rou,2000,2106
rou,2001,2281
rou,2002,2400
rou,2003,2093
rou,2004,1785
rou,2005,1478
rou,2006,1100
rou,2007,800
rou,2008,600
rou,2009,511
rou,2010,466
rou,2011,422
rou,2012,377
rou,2013,332
rou,2014,288
rou,2015,243
rou,2016,196
rou,2017,196
rou,2018,172
rou,2019,188
rou,2020,177
rou,2021,184
rou,2022,153
rou,2023,141
rou,2024,141
rwa,2000,0
rwa,2001,0
rwa,2002,0
rwa,2003,0
rwa,2004,468
rwa,2005,1443
rwa,2006,2757
rwa,2007,4333
rwa,2008,5635
rwa,2009,6679
rwa,2010,7541
rwa,2011,7597
rwa,2012,7975
rwa,2013,8116
rwa,2014,8136
rwa,2015,8266
rwa,2016,8685
rwa,2017,8108
rwa,2018,7532
rwa,2019,6914
rwa,2020,6318
rwa,2021,5839
rwa,2022,5294
rwa,2023,4855
rwa,2024,4554
sau,2000,13
sau,2001,18
sau,2002,23
sau,2003,28
sau,2004,33
sau,2005,39
sau,2006,44
sau,2007,50
sau,2008,55
sau,2009,61
sau,2010,66
sau,2011,70
sau,2012,74
sau,2013,79
sau,2014,82
sau,2015,84
sau,2016,84
sau,2017,81
sau,2018,77
sau,2019,74
sau,2020,68
sau,2021,64
sau,2022,63
sau,2023,63
sau,2024,61
sdn,2000,0
sdn,2001,0
sdn,2002,0
sdn,2003,0
sdn,2004,0
sdn,2005,0
sdn,2006,0
sdn,2007,0
sdn,2008,137
sdn,2009,188
sdn,2010,232
sdn,2011,140
sdn,2012,170
sdn,2013,250
sdn,2014,390
sdn,2015,394
sdn,2016,475
sdn,2017,569
sdn,2018,620
sdn,2019,673
sdn,2020,865
sdn,2021,865
sdn,2022,654
sdn,2023,672
sdn,2024,312
sen,2000,30
sen,2001,32
sen,2002,34
sen,2003,35
sen,2004,37
sen,2005,39
sen,2006,41
sen,2007,43
sen,2008,44
sen,2009,46
sen,2010,48
sen,2011,50
sen,2012,52
sen,2013,53
sen,2014,643
sen,2015,1183
sen,2016,1214
sen,2017,1235
sen,2018,1374
sen,2019,1461
sen,2020,1452
sen,2021,1446
sen,2022,1457
sen,2023,1481
sen,2024,1436
sgp,2000,4
sgp,2001,4
sgp,2002,4
sgp,2003,5
sgp,2004,5
sgp,2005,5
sgp,2006,6
sgp,2007,7
sgp,2008,7
sgp,2009,8
sgp,2010,8
sgp,2011,16
sgp,2012,14
sgp,2013,12
sgp,2014,12
sgp,2015,10
sgp,2016,8
sgp,2017,7
sgp,2018,6
sgp,2019,5
sgp,2020,5
sgp,2021,3
slb,2000,0
slb,2001,0
slb,2002,0
slb,2003,0
slb,2004,0
slb,2005,0
slb,2006,0
slb,2007,0
slb,2008,0
slb,2009,0
slb,2010,0
slb,2011,0
slb,2012,0
slb,2013,0
slb,2014,0
slb,2015,0
slb,2016,0
slb,2017,0
slb,2018,0
slb,2019,0
slb,2020,0
slb,2021,0
slb,2022,0
slb,2023,0
slb,2024,0
sle,2000,0
sle,2001,0
sle,2002,0
sle,2003,0
sle,2004,0
sle,2005,22
sle,2006,51
sle,2007,70
sle,2008,138
sle,2009,256
sle,2010,426
sle,2011,535
sle,2012,459
sle,2013,493
sle,2014,486
sle,2015,730
sle,2016,1029
sle,2017,956
sle,2018,1086
sle,2019,1097
sle,2020,1157
sle,2021,1471
sle,2022,1710
sle,2023,1987
sle,2024,2305
slv,2000,0
slv,2001,0
slv,2002,32
slv,2003,82
slv,2004,140
slv,2005,196
slv,2006,246
slv,2007,277
slv,2008,297
slv,2009,315
slv,2010,338
slv,2011,390
slv,2012,335
slv,2013,308
slv,2014,344
slv,2015,273
slv,2016,222
slv,2017,179
slv,2018,147
slv,2019,121
slv,2020,116
slv,2021,112
slv,2022,97
slv,2023,78
slv,2024,74
som,2000,0
som,2001,0
som,2002,0
som,2003,0
som,2004,0
som,2005,0
som,2006,0
som,2007,5
som,2008,9
som,2009,9
som,2010,11
som,2011,48
som,2012,47
som,2013,76
som,2014,93
som,2015,112
som,2016,126
som,2017,148
som,2018,158
som,2019,160
som,2020,155
som,2021,128
som,2022,144
som,2023,156
som,2024,156
srb,2000,0
srb,2001,0
srb,2002,1
srb,2003,10
srb,2004,10
srb,2005,15
srb,2006,10
srb,2007,10
srb,2008,10
srb,2009,11
srb,2010,11
srb,2011,11
srb,2012,10
srb,2013,11
srb,2014,12
srb,2015,11
srb,2016,13
srb,2017,12
srb,2018,12
srb,2019,11
srb,2020,12
srb,2021,10
srb,2022,8
srb,2023,6
srb,2024,6
ssd,2000,0
ssd,2001,0
ssd,2002,0
ssd,2003,0
ssd,2004,0
ssd,2005,0
ssd,2006,0
ssd,2007,0
ssd,2008,0
ssd,2009,0
ssd,2010,87
ssd,2011,138
ssd,2012,164
ssd,2013,286
ssd,2014,543
ssd,2015,728
ssd,2016,939
ssd,2017,1205
ssd,2018,1461
ssd,2019,1896
ssd,2020,2195
ssd,2021,2190
ssd,2022,2728
ssd,2023,3334
ssd,2024,3690
sur,2000,0
sur,2001,0
sur,2002,4
sur,2003,11
sur,2004,17
sur,2005,34
sur,2006,44
sur,2007,59
sur,2008,77
sur,2009,80
sur,2010,79
sur,2011,83
sur,2012,84
sur,2013,78
sur,2014,78
sur,2015,92
sur,2016,86
sur,2017,72
sur,2018,51
sur,2019,44
sur,2020,42
sur,2021,39
sur,2022,34
sur,2023,34
sur,2024,22
svk,2000,0
svk,2001,0
svk,2002,0
svk,2003,0
svk,2004,0
svk,2005,0
svk,2006,0
svk,2007,0
svk,2008,0
svk,2009,0
svk,2010,0
svk,2011,0
svk,2012,0
svk,2013,0
svk,2014,0
svk,2015,0
svk,2016,0
svk,2017,0
svk,2018,0
svk,2019,0
svk,2020,0
svk,2021,0
svk,2022,3
svk,2023,3
svn,2000,0
svn,2001,0
svn,2002,0
svn,2003,0
svn,2004,0
svn,2005,0
svn,2006,0
svn,2007,0
svn,2008,0
svn,2009,0
svn,2010,0
svn,2011,0
svn,2012,0
svn,2013,0
svn,2014,0
svn,2015,0
svn,2016,0
svn,2020,1
svn,2021,1
svn,2022,1
svn,2023,1
svn,2024,1
swz,2000,265
swz,2001,530
swz,2002,795
swz,2003,1060
swz,2004,1325
swz,2005,1590
swz,2006,1429
swz,2007,2124
swz,2008,2897
swz,2009,4215
swz,2010,5653
swz,2011,6567
swz,2012,7431
swz,2013,7934
swz,2014,7906
swz,2015,8376
swz,2016,9501
swz,2017,9860
swz,2018,8554
swz,2019,8562
swz,2020,8912
swz,2021,7219
swz,2022,6474
swz,2023,5636
swz,2024,4867
syr,2000,0
syr,2001,0
syr,2002,0
syr,2003,0
syr,2004,0
syr,2005,0
syr,2006,0
syr,2007,0
syr,2008,0
syr,2009,0
syr,2010,0
syr,2011,0
syr,2012,0
syr,2013,0
syr,2014,0
syr,2015,0
syr,2016,2
syr,2017,2
syr,2018,2
syr,2019,5
syr,2020,6
syr,2021,6
syr,2022,6
syr,2023,8
syr,2024,9
tcd,2000,0
tcd,2001,0
tcd,2002,0
tcd,2003,0
tcd,2004,0
tcd,2005,0
tcd,2006,0
tcd,2007,67
tcd,2008,480
tcd,2009,774
tcd,2010,1087
tcd,2011,1531
tcd,2012,1512
tcd,2013,1517
tcd,2014,1522
tcd,2015,1532
tcd,2016,1542
tcd,2017,1500
tcd,2018,1450
tcd,2019,1439
tcd,2020,1203
tcd,2021,1309
tcd,2022,1375
tcd,2023,1739
tcd,2024,2195
tgo,2000,0
tgo,2001,0
tgo,2002,0
tgo,2003,0
tgo,2004,0
tgo,2005,0
tgo,2006,0
tgo,2007,0
tgo,2008,0
tgo,2009,0
tgo,2010,0
tgo,2011,0
tgo,2012,2098
tgo,2013,2379
tgo,2014,2861
tgo,2015,3058
tgo,2016,3310
tgo,2017,3663
tgo,2018,4246
tgo,2019,4660
tgo,2020,4543
tgo,2021,4308
tgo,2022,3854
tgo,2023,4245
tgo,2024,3801
tha,2000,835
tha,2001,1670
tha,2002,2505
tha,2003,3340
tha,2004,4175
tha,2005,5010
tha,2006,5845
tha,2007,6687
tha,2008,6985
tha,2009,7179
tha,2010,7039
tha,2011,6584
tha,2012,5915
tha,2013,5142
tha,2014,4502
tha,2015,3813
tha,2016,3476
tha,2017,2903
tha,2018,2622
tha,2019,2193
tha,2020,1822
tha,2021,1500
tha,2022,1284
tha,2023,1175
tha,2024,1028
tjk,2000,0
tjk,2001,0
tjk,2002,0
tjk,2003,0
tjk,2004,0
tjk,2005,0
tjk,2006,0
tjk,2007,4
tjk,2008,5
tjk,2009,9
tjk,2010,22
tjk,2011,59
tjk,2012,126
tjk,2013,249
tjk,2014,374
tjk,2015,479
tjk,2016,575
tjk,2017,662
tjk,2018,752
tjk,2019,885
tjk,2020,876
tjk,2021,843
tjk,2022,802
tjk,2023,778
tjk,2024,623
tls,2000,0
tls,2001,0
tls,2002,0
tls,2003,0
tls,2004,0
tls,2005,0
tls,2006,0
tls,2007,0
tls,2008,3
tls,2009,3
tls,2010,5
tls,2011,8
tls,2012,11
tls,2013,11
tls,2014,21
tls,2015,20
tls,2016,18
tls,2017,19
tls,2018,22
tls,2019,23
tls,2020,32
tls,2021,33
tls,2022,35
tls,2023,38
tls,2024,46
tun,2000,0
tun,2001,0
tun,2002,0
tun,2003,0
tun,2004,0
tun,2005,10
tun,2006,6
tun,2007,10
tun,2008,11
tun,2009,12
tun,2010,20
tun,2011,19
tun,2012,12
tun,2013,21
tun,2014,18
tun,2015,20
tun,2016,20
tun,2017,21
tun,2018,30
tun,2019,42
tun,2020,45
tun,2021,47
tun,2022,36
tun,2023,43
tun,2024,39
tuv,2000,0
tuv,2001,0
tuv,2002,0
tuv,2003,0
tuv,2004,0
tuv,2005,0
tuv,2006,0
tuv,2007,0
tuv,2008,0
tuv,2009,0
tuv,2010,0
tuv,2011,0
tuv,2012,0
tuv,2013,0
tuv,2014,0
tuv,2015,0
tuv,2016,0
tuv,2017,0
tuv,2018,0
tuv,2019,0
tuv,2020,0
tuv,2021,0
tuv,2022,0
tuv,2023,0
tuv,2024,0
tza,2000,1392
tza,2001,2785
tza,2002,4177
tza,2003,5570
tza,2004,6962
tza,2005,8378
tza,2006,9794
tza,2007,11216
tza,2008,12891
tza,2009,12921
tza,2010,19319
tza,2011,19215
tza,2012,30467
tza,2013,34927
tza,2014,36526
tza,2015,43182
tza,2016,44132
tza,2017,44902
tza,2018,47725
tza,2019,49943
tza,2020,49296
tza,2021,46706
tza,2022,45733
tza,2023,44866
tza,2024,47305
uga,2000,1066
uga,2001,2132
uga,2002,3198
uga,2003,4264
uga,2004,5330
uga,2005,6396
uga,2006,7462
uga,2007,8532
uga,2008,13413
uga,2009,17673
uga,2010,21763
uga,2011,24735
uga,2012,35453
uga,2013,43525
uga,2014,54680
uga,2015,60029
uga,2016,63936
uga,2017,65134
uga,2018,67131
uga,2019,66203
uga,2020,61745
uga,2021,59853
uga,2022,59377
uga,2023,54979
uga,2024,51826
ven,2000,100
ven,2001,167
ven,2002,233
ven,2003,300
ven,2004,367
ven,2005,433
ven,2006,500
ven,2007,550
ven,2008,600
ven,2009,921
ven,2010,1051
ven,2011,842
ven,2012,972
ven,2013,976
ven,2014,999
ven,2015,1309
ven,2016,1295
ven,2017,1184
ven,2018,982
ven,2019,1064
ven,2020,1298
ven,2021,1198
ven,2022,1016
ven,2023,949
ven,2024,837
vnm,2000,0
vnm,2001,0
vnm,2002,0
vnm,2003,0
vnm,2004,16
vnm,2005,42
vnm,2006,428
vnm,2007,939
vnm,2008,1462
vnm,2009,1920
vnm,2010,2325
vnm,2011,2801
vnm,2012,3012
vnm,2013,3249
vnm,2014,3457
vnm,2015,3660
vnm,2016,3786
vnm,2017,3822
vnm,2018,3797
vnm,2019,3681
vnm,2020,3549
vnm,2021,3737
vnm,2022,3294
vnm,2023,2709
vnm,2024,2365
vut,2000,0
vut,2001,0
vut,2002,0
vut,2003,1
vut,2004,1
vut,2005,1
vut,2006,1
vut,2007,1
vut,2008,1
vut,2009,1
vut,2010,1
vut,2011,1
vut,2012,1
vut,2013,1
vut,2014,1
vut,2015,1
vut,2016,1
vut,2017,1
vut,2018,1
vut,2019,1
vut,2020,1
vut,2021,1
vut,2022,1
vut,2023,1
vut,2024,1
yem,2000,0
yem,2001,0
yem,2002,0
yem,2003,0
yem,2004,0
yem,2005,0
yem,2006,0
yem,2007,0
yem,2008,0
yem,2009,18
yem,2010,38
yem,2011,51
yem,2012,53
yem,2013,59
yem,2014,77
yem,2015,90
yem,2016,102
yem,2017,115
yem,2018,125
yem,2019,138
yem,2020,139
yem,2021,145
yem,2022,157
yem,2023,175
yem,2024,189
zaf,2000,334
zaf,2001,1203
zaf,2002,2147
zaf,2003,3264
zaf,2004,7542
zaf,2005,17017
zaf,2006,29849
zaf,2007,45087
zaf,2008,64153
zaf,2009,90205
zaf,2010,118588
zaf,2011,140405
zaf,2012,155921
zaf,2013,166873
zaf,2014,172986
zaf,2015,175866
zaf,2016,176101
zaf,2017,172697
zaf,2018,165981
zaf,2019,156911
zaf,2020,145629
zaf,2021,133191
zaf,2022,120549
zaf,2023,108296
zaf,2024,97947
zmb,2000,0
zmb,2001,0
zmb,2002,0
zmb,2003,0
zmb,2004,0
zmb,2005,5401
zmb,2006,7200
zmb,2007,12161
zmb,2008,17535
zmb,2009,20061
zmb,2010,24180
zmb,2011,28218
zmb,2012,33698
zmb,2013,39137
zmb,2014,44221
zmb,2015,51903
zmb,2016,49640
zmb,2017,46060
zmb,2018,42104
zmb,2019,44778
zmb,2020,47527
zmb,2021,43803
zmb,2022,44820
zmb,2023,41250
zmb,2024,37525
zwe,2000,45489
zwe,2001,40221
zwe,2002,36501
zwe,2003,33038
zwe,2004,29925
zwe,2005,26819
zwe,2006,6677
zwe,2007,9819
zwe,2008,14490
zwe,2009,21638
zwe,2010,32882
zwe,2011,39993
zwe,2012,46874
zwe,2013,46319
zwe,2014,55061
zwe,2015,58943
zwe,2016,64564
zwe,2017,68119
zwe,2018,52430
zwe,2019,59825
zwe,2020,57403
zwe,2021,52204
zwe,2022,51493
zwe,2023,44141
zwe,2024,40006
