country,year,whs3_50
abw,2017,0
abw,2018,0
abw,2019,0
abw,2021,0
abw,2022,0
abw,2023,0
abw,2024,0
afg,1998,0
afg,1999,0
afg,2010,0
afg,2013,0
afg,2015,0
ago,1988,37
ago,1989,0
ago,1990,0
ago,1991,0
ago,1997,0
ago,2000,0
ago,2001,0
ago,2002,0
ago,2003,0
ago,2004,0
ago,2005,0
ago,2006,0
ago,2007,0
ago,2010,0
ago,2011,0
ago,2012,0
ago,2013,0
ago,2014,0
ago,2015,3
ago,2016,881
ago,2017,0
ago,2019,0
ago,2020,0
ago,2021,0
ago,2022,0
ago,2023,4
ago,2024,7
aia,2001,0
aia,2003,0
aia,2017,0
aia,2018,0
aia,2019,0
aia,2020,0
aia,2021,0
aia,2022,0
aia,2023,0
aia,2024,0
alb,2001,0
alb,2002,0
alb,2003,0
alb,2004,0
alb,2005,0
alb,2006,0
alb,2007,0
alb,2008,0
alb,2010,0
alb,2011,0
alb,2012,0
alb,2013,0
alb,2016,0
alb,2017,0
alb,2020,0
alb,2021,0
alb,2022,0
and,1999,0
and,2000,0
and,2001,0
and,2002,0
and,2003,0
and,2004,0
and,2005,0
and,2006,0
and,2007,0
and,2008,0
and,2009,0
and,2010,0
and,2011,0
and,2012,0
and,2013,0
and,2016,0
and,2017,0
and,2018,0
and,2019,0
and,2020,0
and,2021,0
and,2022,0
and,2023,0
and,2024,0
are,1999,0
are,2000,0
are,2001,0
are,2002,0
are,2003,0
are,2004,0
are,2005,0
are,2008,0
are,2010,0
are,2019,0
are,2020,0
are,2021,0
are,2022,0
are,2023,0
are,2024,0
arg,1999,0
arg,2001,0
arg,2004,0
arg,2005,0
arg,2006,0
arg,2007,0
arg,2008,8
arg,2009,0
arg,2010,0
arg,2011,0
arg,2012,0
arg,2013,0
arg,2014,0
arg,2015,0
arg,2016,0
arg,2017,0
arg,2018,7
arg,2019,0
arg,2020,0
arg,2021,0
arg,2022,0
arg,2023,0
arm,1999,0
arm,2001,0
arm,2002,0
arm,2003,0
arm,2004,0
arm,2005,0
arm,2010,0
arm,2011,0
arm,2013,0
arm,2014,0
arm,2016,0
arm,2018,0
arm,2020,0
arm,2021,0
arm,2022,0
arm,2023,0
arm,2024,0
asm,1998,0
asm,1999,0
asm,2000,0
asm,2001,0
asm,2007,0
asm,2008,0
atg,1998,0
atg,2000,0
atg,2001,0
atg,2002,0
atg,2004,0
atg,2005,0
atg,2006,0
atg,2007,0
atg,2008,0
atg,2009,0
atg,2010,0
atg,2011,0
atg,2012,0
atg,2013,0
atg,2014,0
atg,2015,0
atg,2016,0
atg,2017,0
atg,2018,0
atg,2019,0
atg,2020,0
atg,2023,0
atg,2024,0
aus,1998,0
aus,2001,0
aus,2002,0
aus,2003,0
aus,2004,0
aus,2005,0
aus,2007,0
aus,2008,0
aus,2009,0
aus,2010,0
aus,2011,0
aus,2012,0
aus,2013,0
aus,2014,0
aus,2015,0
aus,2016,0
aus,2017,0
aus,2018,0
aus,2019,0
aus,2020,0
aus,2021,0
aus,2024,0
aut,2001,0
aut,2003,0
aut,2004,0
aut,2005,0
aut,2007,0
aut,2008,0
aut,2009,0
aut,2010,0
aut,2011,0
aut,2012,0
aut,2014,0
aut,2015,0
aut,2016,0
aut,2017,0
aut,2018,0
aut,2019,0
aut,2020,0
aut,2021,0
aut,2022,0
aut,2023,0
aut,2024,0
aze,2001,0
aze,2002,0
aze,2003,0
aze,2004,0
aze,2005,0
aze,2007,0
aze,2008,0
aze,2010,0
aze,2011,0
aze,2012,0
aze,2013,0
aze,2014,0
aze,2015,0
aze,2016,0
aze,2017,0
aze,2018,0
aze,2019,0
aze,2020,0
aze,2021,0
aze,2022,0
aze,2023,0
aze,2024,0
bdi,1995,260
bdi,1997,0
bdi,1998,0
bdi,1999,0
bdi,2004,0
bdi,2006,0
bdi,2007,0
bdi,2008,0
bdi,2009,0
bdi,2010,0
bdi,2011,0
bel,2001,1
bel,2002,0
bel,2003,0
bel,2004,0
bel,2005,0
bel,2006,0
bel,2007,0
bel,2008,0
bel,2009,0
bel,2010,0
bel,2011,0
bel,2012,0
bel,2013,0
bel,2014,0
bel,2015,0
bel,2017,0
bel,2018,0
bel,2019,0
bel,2020,0
bel,2021,0
bel,2022,0
bel,2023,0
bel,2024,0
ben,1995,47
ben,1996,109
ben,1997,20
ben,1998,6
ben,1999,0
ben,2000,10
ben,2001,0
ben,2002,0
ben,2003,57
ben,2004,31
ben,2005,0
ben,2006,0
ben,2007,0
ben,2008,0
ben,2009,0
ben,2010,0
ben,2011,0
ben,2012,0
ben,2013,0
ben,2014,0
ben,2015,0
ben,2016,0
ben,2017,0
ben,2018,0
ben,2019,0
ben,2020,0
ben,2021,0
ben,2022,0
ben,2023,2
ben,2024,0
bfa,1983,356
bfa,1984,17
bfa,1985,7
bfa,1995,0
bfa,1996,1
bfa,1997,0
bfa,1998,2
bfa,1999,3
bfa,2000,0
bfa,2001,0
bfa,2002,288
bfa,2003,1
bfa,2004,14
bfa,2005,19
bfa,2006,3
bfa,2007,2
bfa,2008,4
bfa,2009,1
bfa,2010,7
bfa,2011,1024
bfa,2012,0
bfa,2013,0
bfa,2014,0
bfa,2015,2
bfa,2016,1
bfa,2017,5
bfa,2018,0
bfa,2019,0
bfa,2020,17
bfa,2021,2
bfa,2022,0
bfa,2023,0
bfa,2024,0
bgr,2000,0
bgr,2002,0
bgr,2003,0
bgr,2004,0
bgr,2005,0
bgr,2006,0
bgr,2007,0
bgr,2008,0
bgr,2009,0
bgr,2010,0
bgr,2011,0
bgr,2012,0
bgr,2013,0
bgr,2014,0
bgr,2015,0
bgr,2016,0
bgr,2018,0
bgr,2019,0
bgr,2020,0
bgr,2021,0
bgr,2022,0
bgr,2023,0
bgr,2024,0
bhr,1998,0
bhr,1999,0
bhr,2000,0
bhr,2001,0
bhr,2002,0
bhr,2004,0
bhr,2006,0
bhr,2007,0
bhr,2008,0
bhr,2009,0
bhr,2010,0
bhr,2011,0
bhr,2012,0
bhr,2013,0
bhr,2014,0
bhr,2015,0
bhr,2016,0
bhr,2017,0
bhr,2018,0
bhr,2019,0
bhr,2020,0
bhr,2021,0
bhr,2022,0
bhr,2023,0
bhr,2024,0
bhs,1997,0
bhs,1998,0
bhs,2001,0
bhs,2004,0
bhs,2006,0
bhs,2007,0
bhs,2008,0
bhs,2009,0
bhs,2010,0
bhs,2011,0
bhs,2012,0
bhs,2013,0
bhs,2014,0
bhs,2015,0
bhs,2016,0
bhs,2017,0
bhs,2018,0
bhs,2019,0
bhs,2020,0
bhs,2021,0
bhs,2022,0
bhs,2023,0
bhs,2024,0
bih,1998,0
bih,1999,0
bih,2002,0
bih,2007,0
bih,2008,0
bih,2011,0
bih,2016,0
bih,2017,0
bih,2018,0
bih,2021,0
bih,2022,0
bih,2023,0
bih,2024,0
blr,2000,0
blr,2001,0
blr,2002,0
blr,2005,0
blr,2007,0
blr,2008,0
blr,2009,0
blr,2010,0
blr,2011,0
blr,2012,0
blr,2013,0
blr,2014,0
blr,2016,0
blr,2017,0
blr,2018,0
blr,2019,0
blr,2020,0
blr,2021,0
blr,2022,0
blr,2023,0
blr,2024,0
blz,1998,0
blz,2002,0
blz,2003,0
blz,2004,0
blz,2005,0
blz,2006,0
blz,2007,0
blz,2008,0
blz,2009,0
blz,2010,0
blz,2011,0
blz,2012,0
blz,2013,0
blz,2014,0
blz,2015,0
blz,2016,0
blz,2017,0
blz,2018,0
blz,2019,0
blz,2020,0
blz,2021,0
blz,2022,0
blz,2023,0
blz,2024,0
bmu,1998,0
bmu,1999,0
bmu,2004,0
bmu,2017,0
bmu,2018,0
bmu,2019,0
bmu,2020,0
bmu,2021,0
bmu,2022,0
bmu,2023,0
bmu,2024,0
bol,1974,12
bol,1975,151
bol,1976,19
bol,1977,2
bol,1978,11
bol,1979,10
bol,1980,46
bol,1981,102
bol,1982,95
bol,1983,11
bol,1984,5
bol,1985,53
bol,1986,26
bol,1987,23
bol,1988,12
bol,1989,107
bol,1990,50
bol,1991,91
bol,1992,22
bol,1993,18
bol,1994,7
bol,1995,15
bol,1996,30
bol,1997,63
bol,1998,57
bol,1999,68
bol,2000,8
bol,2001,4
bol,2002,15
bol,2003,6
bol,2004,13
bol,2005,16
bol,2006,16
bol,2007,6
bol,2008,1
bol,2009,0
bol,2010,3
bol,2011,2
bol,2012,3
bol,2013,1
bol,2014,0
bol,2015,0
bol,2016,0
bol,2017,5
bol,2018,1
bol,2019,2
bol,2020,0
bol,2021,1
bol,2022,6
bol,2023,5
bol,2024,8
bra,1974,13
bra,1975,1
bra,1976,1
bra,1977,9
bra,1978,27
bra,1979,12
bra,1980,27
bra,1981,22
bra,1982,24
bra,1983,6
bra,1984,45
bra,1985,7
bra,1986,9
bra,1987,16
bra,1988,26
bra,1989,9
bra,1990,5
bra,1991,15
bra,1992,12
bra,1993,83
bra,1994,19
bra,1995,4
bra,1996,15
bra,1997,3
bra,1998,34
bra,1999,76
bra,2000,85
bra,2001,41
bra,2002,15
bra,2003,64
bra,2004,5
bra,2005,3
bra,2006,2
bra,2007,13
bra,2008,46
bra,2009,46
bra,2010,2
bra,2011,0
bra,2012,0
bra,2013,3
bra,2014,1
bra,2015,9
bra,2016,43
bra,2017,805
bra,2018,1307
bra,2019,90
bra,2020,18
bra,2023,6
bra,2024,8
brb,2000,0
brb,2001,0
brb,2004,0
brb,2006,0
brb,2007,0
brb,2008,0
brb,2009,0
brb,2010,0
brb,2011,0
brb,2012,0
brb,2013,0
brb,2014,0
brb,2015,0
brb,2016,0
brb,2017,0
brb,2018,0
brb,2019,0
brb,2020,0
brb,2021,0
brb,2022,0
brb,2023,0
brb,2024,0
brn,1998,0
brn,1999,0
brn,2000,0
brn,2003,0
brn,2004,0
brn,2005,0
brn,2008,0
brn,2009,0
brn,2011,0
brn,2012,0
brn,2014,0
brn,2015,0
brn,2016,0
brn,2017,0
brn,2018,0
brn,2019,0
brn,2020,0
brn,2021,0
brn,2022,0
brn,2023,0
brn,2024,0
btn,2000,0
btn,2009,0
btn,2010,0
btn,2011,0
btn,2012,0
btn,2013,0
btn,2014,0
btn,2016,0
btn,2017,0
btn,2018,0
btn,2019,0
btn,2020,0
btn,2021,0
btn,2022,0
btn,2023,0
btn,2024,0
bwa,1996,0
bwa,1997,0
bwa,2002,0
bwa,2005,0
bwa,2007,0
bwa,2015,0
bwa,2016,0
bwa,2017,0
bwa,2018,0
bwa,2019,0
bwa,2020,0
bwa,2022,0
bwa,2023,0
bwa,2024,0
caf,1997,0
caf,1998,0
caf,1999,0
caf,2000,0
caf,2001,0
caf,2002,0
caf,2003,2
caf,2004,0
caf,2005,0
caf,2006,1
caf,2007,0
caf,2008,5
caf,2009,29
caf,2010,6
caf,2011,7
caf,2012,0
caf,2013,4
caf,2014,0
caf,2015,0
caf,2016,0
caf,2017,0
caf,2018,1
caf,2019,0
caf,2020,165
caf,2021,10
caf,2022,20
caf,2023,13
caf,2024,3
can,2000,0
can,2002,0
can,2003,0
can,2004,0
can,2005,0
can,2006,0
can,2007,0
can,2008,1
can,2009,0
can,2010,0
can,2011,2
can,2012,3
can,2013,0
can,2014,5
can,2015,4
can,2016,2
can,2017,0
can,2018,0
can,2019,1
can,2020,1
can,2021,0
can,2022,1
can,2023,0
can,2024,0
che,2001,0
che,2002,0
che,2003,0
che,2004,0
che,2005,0
che,2006,0
che,2007,0
che,2008,0
che,2009,0
che,2016,0
che,2017,0
che,2018,1
che,2020,0
che,2021,0
che,2022,0
che,2023,0
che,2024,0
chl,1997,0
chl,1998,0
chl,1999,0
chl,2000,0
chl,2001,0
chl,2003,0
chl,2004,0
chl,2005,0
chl,2006,0
chl,2007,0
chl,2008,0
chl,2009,0
chl,2010,0
chl,2011,0
chl,2012,0
chl,2013,0
chl,2014,0
chl,2015,0
chl,2016,0
chl,2017,1
chl,2018,0
chl,2019,0
chl,2020,0
chl,2021,0
chl,2022,0
chl,2023,0
chl,2024,0
chn,2004,0
civ,1982,25
civ,1996,0
civ,1997,11
civ,1998,0
civ,1999,1
civ,2001,80
civ,2002,158
civ,2003,1
civ,2004,0
civ,2005,2
civ,2006,2
civ,2007,0
civ,2008,14
civ,2009,22
civ,2010,49
civ,2011,10
civ,2012,5
civ,2013,6
civ,2014,21
civ,2015,15
civ,2016,3
civ,2017,11
civ,2018,2
civ,2019,165
civ,2020,12
civ,2021,32
civ,2022,56
civ,2023,56
civ,2024,7
cmr,1974,1
cmr,1975,2
cmr,1976,1
cmr,1980,7
cmr,1984,1
cmr,1988,0
cmr,1989,0
cmr,1990,173
cmr,1991,0
cmr,1994,10
cmr,1997,0
cmr,2001,0
cmr,2002,0
cmr,2003,2
cmr,2004,3
cmr,2005,2
cmr,2006,1
cmr,2007,2
cmr,2008,2
cmr,2009,8
cmr,2010,16
cmr,2011,29
cmr,2012,31
cmr,2013,15
cmr,2014,3
cmr,2015,2
cmr,2016,61
cmr,2017,4
cmr,2018,5
cmr,2019,22
cmr,2020,6
cmr,2021,44
cmr,2022,39
cmr,2023,18
cmr,2024,22
cod,1997,0
cod,1998,0
cod,1999,0
cod,2001,36
cod,2003,18
cod,2004,1192
cod,2005,140
cod,2006,81
cod,2007,204
cod,2008,113
cod,2009,0
cod,2010,289
cod,2011,195
cod,2012,1
cod,2014,3
cod,2015,0
cod,2016,77
cod,2017,2
cod,2018,15
cod,2019,5
cod,2020,529
cod,2021,7
cod,2022,4
cod,2023,15
cod,2024,15
cog,1996,0
cog,1997,0
cog,1999,0
cog,2001,0
cog,2003,0
cog,2004,0
cog,2005,0
cog,2006,0
cog,2007,0
cog,2008,0
cog,2009,1
cog,2010,0
cog,2011,188
cog,2012,1
cog,2013,1
cog,2014,0
cog,2015,0
cog,2016,0
cog,2017,0
cog,2018,1
cog,2019,0
cog,2020,3
cog,2021,2
cog,2022,6
cog,2023,1
cog,2024,5
cok,1998,0
cok,1999,0
cok,2000,0
cok,2001,0
cok,2002,0
cok,2003,0
cok,2004,0
cok,2010,0
cok,2012,0
cok,2019,0
col,1974,36
col,1975,12
col,1976,22
col,1977,9
col,1978,105
col,1979,51
col,1980,11
col,1981,7
col,1982,2
col,1983,1
col,1984,16
col,1985,5
col,1986,6
col,1987,17
col,1988,7
col,1989,1
col,1990,7
col,1991,4
col,1992,2
col,1993,1
col,1994,2
col,1995,3
col,1996,8
col,1997,5
col,1998,1
col,1999,2
col,2000,5
col,2001,9
col,2002,20
col,2003,102
col,2004,32
col,2005,20
col,2006,5
col,2007,7
col,2008,3
col,2009,5
col,2010,0
col,2011,0
col,2012,0
col,2013,1
col,2014,0
col,2015,0
col,2016,6
col,2017,0
col,2018,1
col,2019,0
col,2020,0
col,2021,0
col,2022,0
col,2023,2
col,2024,23
com,1997,0
com,1999,0
com,2003,0
com,2004,0
com,2005,0
com,2006,0
com,2007,0
com,2008,0
com,2009,0
com,2010,0
com,2014,0
com,2015,0
com,2017,0
com,2018,0
com,2019,0
com,2020,0
com,2021,0
com,2023,0
com,2024,0
cpv,1997,0
cpv,1998,0
cpv,2000,0
cpv,2001,0
cpv,2002,0
cpv,2003,0
cpv,2004,0
cpv,2005,0
cpv,2006,0
cpv,2007,0
cpv,2008,0
cpv,2009,0
cpv,2010,0
cpv,2011,0
cpv,2012,0
cpv,2013,0
cpv,2014,0
cpv,2015,0
cpv,2017,0
cpv,2018,0
cpv,2019,0
cpv,2021,0
cpv,2022,0
cpv,2023,0
cpv,2024,0
cri,1997,0
cri,1998,0
cri,1999,0
cri,2000,0
cri,2001,0
cri,2003,0
cri,2004,0
cri,2005,0
cri,2006,0
cri,2007,0
cri,2008,0
cri,2009,0
cri,2010,0
cri,2011,0
cri,2012,0
cri,2013,0
cri,2014,0
cri,2016,0
cri,2017,0
cri,2018,0
cri,2019,0
cri,2020,0
cri,2021,0
cri,2022,0
cri,2023,0
cri,2024,0
cub,1997,0
cub,1998,0
cub,1999,0
cub,2000,0
cub,2001,0
cub,2002,0
cub,2003,0
cub,2004,0
cub,2005,0
cub,2006,0
cub,2007,0
cub,2008,0
cub,2009,0
cub,2010,0
cub,2011,0
cub,2012,0
cub,2014,0
cub,2015,0
cub,2016,0
cub,2017,0
cub,2018,0
cub,2019,0
cub,2020,0
cub,2021,0
cub,2022,0
cub,2023,0
cub,2024,0
cuw,2017,0
cuw,2018,0
cuw,2019,0
cym,2017,0
cym,2018,0
cym,2020,0
cym,2021,0
cym,2022,0
cym,2023,0
cym,2024,0
cyp,2000,0
cyp,2002,0
cyp,2003,0
cyp,2004,0
cyp,2005,0
cyp,2006,0
cyp,2007,0
cyp,2008,0
cyp,2009,0
cyp,2010,0
cyp,2011,0
cyp,2012,0
cyp,2013,0
cyp,2014,0
cyp,2015,0
cyp,2016,0
cyp,2017,0
cyp,2018,0
cyp,2019,0
cyp,2020,0
cyp,2021,0
cyp,2022,0
cyp,2023,0
cyp,2024,0
cze,2001,0
cze,2002,0
cze,2003,0
cze,2004,0
cze,2005,0
cze,2006,0
cze,2007,0
cze,2008,0
cze,2009,0
cze,2010,0
cze,2011,0
cze,2012,0
cze,2013,0
cze,2014,0
cze,2015,0
cze,2016,0
cze,2017,0
cze,2018,1
cze,2019,0
cze,2020,0
cze,2021,0
cze,2022,0
cze,2023,0
cze,2024,0
deu,2000,0
deu,2001,0
deu,2002,0
deu,2003,0
deu,2004,0
deu,2006,0
deu,2007,0
deu,2008,0
deu,2010,0
deu,2011,0
deu,2012,0
deu,2013,0
deu,2014,0
deu,2015,0
deu,2016,0
deu,2017,0
deu,2018,0
deu,2019,0
deu,2020,0
deu,2021,0
deu,2022,0
deu,2023,0
deu,2024,0
dji,1998,0
dji,2001,0
dji,2007,0
dji,2008,0
dji,2009,0
dji,2010,0
dji,2021,0
dji,2022,0
dji,2023,0
dji,2024,0
dma,2000,0
dma,2001,0
dma,2004,0
dma,2006,0
dma,2007,0
dma,2008,0
dma,2009,0
dma,2010,0
dma,2011,0
dma,2012,0
dma,2013,0
dma,2014,0
dma,2015,0
dma,2016,0
dma,2017,0
dma,2019,0
dma,2020,0
dma,2021,0
dma,2022,0
dma,2023,0
dma,2024,0
dnk,2002,0
dnk,2003,0
dnk,2013,0
dnk,2016,0
dnk,2017,0
dnk,2018,0
dnk,2019,0
dnk,2020,0
dnk,2021,0
dnk,2022,0
dnk,2023,0
dnk,2024,0
dom,1999,0
dom,2000,0
dom,2002,0
dom,2003,0
dom,2004,0
dom,2007,0
dom,2008,0
dom,2009,0
dom,2010,0
dom,2011,0
dom,2012,0
dom,2013,0
dom,2014,0
dom,2018,0
dom,2023,0
dom,2024,0
dza,1991,0
dza,1992,0
dza,1993,0
dza,1994,0
dza,1997,0
dza,2000,0
dza,2008,0
dza,2009,0
dza,2010,0
dza,2011,0
dza,2012,0
dza,2015,0
dza,2016,0
dza,2017,0
dza,2018,0
dza,2022,0
dza,2023,0
dza,2024,0
ecu,1975,3
ecu,1976,1
ecu,1978,1
ecu,1979,14
ecu,1980,2
ecu,1981,2
ecu,1983,5
ecu,1984,1
ecu,1985,1
ecu,1986,0
ecu,1987,0
ecu,1988,0
ecu,1989,0
ecu,1990,12
ecu,1991,14
ecu,1992,16
ecu,1993,1
ecu,1994,0
ecu,1995,1
ecu,1996,8
ecu,1997,31
ecu,1998,4
ecu,1999,3
ecu,2000,2
ecu,2001,0
ecu,2002,0
ecu,2003,0
ecu,2005,0
ecu,2006,0
ecu,2007,0
ecu,2008,0
ecu,2009,0
ecu,2010,0
ecu,2011,0
ecu,2012,1
ecu,2013,0
ecu,2014,0
ecu,2015,0
ecu,2016,0
ecu,2017,3
ecu,2018,0
ecu,2019,0
ecu,2020,0
ecu,2021,0
ecu,2022,0
ecu,2023,0
ecu,2024,0
egy,1998,0
egy,1999,0
egy,2022,0
eri,1995,0
eri,1996,0
eri,1997,0
eri,2004,0
eri,2012,0
eri,2013,0
eri,2016,0
eri,2017,0
eri,2018,0
eri,2019,0
eri,2020,0
eri,2021,0
eri,2022,0
eri,2023,0
eri,2024,0
esp,2000,0
esp,2002,0
esp,2004,0
esp,2005,0
esp,2006,0
esp,2007,0
esp,2008,0
esp,2009,1
esp,2010,0
esp,2011,0
esp,2012,0
esp,2013,0
esp,2017,0
esp,2019,0
esp,2021,0
est,2000,0
est,2001,0
est,2002,0
est,2003,0
est,2004,0
est,2005,0
est,2006,0
est,2007,0
est,2008,0
est,2009,0
est,2010,0
est,2011,0
est,2012,0
est,2013,0
est,2014,0
est,2015,0
est,2016,0
est,2017,0
est,2018,0
est,2019,0
est,2020,0
est,2021,0
est,2022,0
est,2023,0
est,2024,0
eth,1995,0
eth,1997,0
eth,1998,0
eth,1999,0
eth,2000,0
eth,2001,0
eth,2002,0
eth,2003,0
eth,2005,0
eth,2006,0
eth,2007,0
eth,2008,0
eth,2012,0
eth,2013,223
eth,2016,0
eth,2017,0
eth,2018,5
eth,2019,0
eth,2020,86
eth,2022,0
eth,2023,0
eth,2024,0
fin,2001,0
fin,2002,0
fin,2003,0
fin,2005,0
fin,2006,0
fin,2007,0
fin,2008,0
fin,2009,0
fin,2010,0
fin,2011,0
fin,2015,0
fin,2016,0
fin,2017,0
fin,2018,0
fin,2019,0
fin,2020,0
fin,2021,0
fin,2022,0
fin,2023,0
fin,2024,0
fji,2001,0
fji,2002,0
fji,2003,0
fji,2004,0
fji,2006,0
fji,2007,0
fji,2008,0
fji,2009,0
fji,2010,0
fji,2018,0
fji,2022,0
fra,2002,0
fra,2003,0
fra,2005,0
fra,2006,0
fra,2007,0
fra,2008,0
fra,2009,0
fra,2011,0
fra,2013,0
fra,2017,0
fra,2020,2
fra,2021,0
fra,2022,0
fra,2023,0
fsm,1998,0
fsm,1999,0
fsm,2000,0
fsm,2001,0
fsm,2003,0
fsm,2006,0
fsm,2007,0
fsm,2009,0
fsm,2010,0
fsm,2014,0
fsm,2015,0
fsm,2016,0
fsm,2017,0
fsm,2018,0
fsm,2019,0
fsm,2020,0
fsm,2022,0
fsm,2023,0
gab,1992,0
gab,1993,0
gab,1994,28
gab,1995,16
gab,1996,0
gab,2001,2
gab,2002,0
gab,2005,0
gab,2006,57
gab,2007,0
gab,2008,0
gab,2009,0
gab,2010,0
gab,2011,0
gab,2012,0
gab,2013,0
gab,2014,0
gab,2015,1
gab,2016,0
gab,2017,0
gab,2018,0
gab,2019,3
gab,2020,1
gab,2021,1
gab,2022,0
gab,2023,2
gab,2024,7
gbr,2000,0
gbr,2001,1
gbr,2002,0
gbr,2003,0
gbr,2005,0
gbr,2006,0
gbr,2007,0
gbr,2008,0
gbr,2009,0
gbr,2010,0
gbr,2011,0
gbr,2012,0
gbr,2013,0
gbr,2014,0
gbr,2015,0
gbr,2016,0
gbr,2018,0
gbr,2019,0
gbr,2023,0
gbr,2024,0
geo,2001,0
geo,2002,0
geo,2003,0
geo,2004,1
geo,2005,0
geo,2006,0
geo,2007,0
geo,2008,0
geo,2009,0
geo,2010,0
geo,2011,0
geo,2012,0
geo,2013,0
geo,2014,0
geo,2015,0
geo,2016,0
geo,2017,0
geo,2018,0
geo,2019,0
geo,2020,0
geo,2021,0
geo,2022,0
geo,2023,0
geo,2024,0
gha,1974,1
gha,1975,2
gha,1976,2
gha,1977,110
gha,1978,219
gha,1979,494
gha,1980,9
gha,1981,4
gha,1982,6
gha,1983,372
gha,1988,0
gha,1989,0
gha,1990,0
gha,1991,0
gha,1992,0
gha,1993,39
gha,1994,79
gha,1995,0
gha,1996,182
gha,1997,6
gha,1998,0
gha,1999,0
gha,2000,0
gha,2001,0
gha,2002,51
gha,2003,24
gha,2004,1
gha,2005,2
gha,2006,79
gha,2007,0
gha,2008,0
gha,2009,0
gha,2010,155
gha,2011,30
gha,2012,3
gha,2013,7
gha,2014,0
gha,2015,0
gha,2016,1
gha,2017,0
gha,2018,0
gha,2019,0
gha,2020,0
gha,2021,55
gha,2022,29
gha,2023,1
gha,2024,150
gin,1987,5
gin,1996,0
gin,1997,0
gin,1998,0
gin,1999,0
gin,2000,445
gin,2001,273
gin,2002,39
gin,2003,51
gin,2004,6
gin,2005,215
gin,2006,6
gin,2007,0
gin,2008,5
gin,2009,4
gin,2010,2
gin,2011,0
gin,2012,0
gin,2013,2
gin,2014,2
gin,2016,4
gin,2017,1
gin,2019,0
gin,2020,8
gin,2021,1
gin,2022,1
gin,2023,3
gin,2024,7
gmb,1978,270
gmb,1997,0
gmb,1999,0
gmb,2001,0
gmb,2002,0
gmb,2003,9
gmb,2004,0
gmb,2005,0
gmb,2006,0
gmb,2007,0
gmb,2008,0
gmb,2009,0
gmb,2010,0
gmb,2011,0
gmb,2012,1
gmb,2013,0
gmb,2014,0
gmb,2015,0
gmb,2016,0
gmb,2017,0
gmb,2018,0
gmb,2019,0
gmb,2021,0
gmb,2022,0
gmb,2023,0
gmb,2024,3
gnb,1996,0
gnb,1997,0
gnb,1999,4
gnb,2001,0
gnb,2002,0
gnb,2003,0
gnb,2004,0
gnb,2005,0
gnb,2006,0
gnb,2007,0
gnb,2008,0
gnb,2009,0
gnb,2010,0
gnb,2011,0
gnb,2012,0
gnb,2013,0
gnb,2014,0
gnb,2015,0
gnb,2016,0
gnb,2017,0
gnb,2018,11
gnb,2019,4
gnb,2020,0
gnb,2022,0
gnb,2023,0
gnb,2024,0
gnq,1997,0
gnq,2001,0
gnq,2002,0
gnq,2003,0
gnq,2004,0
gnq,2005,0
gnq,2008,10
gnq,2009,0
gnq,2010,0
gnq,2011,0
gnq,2012,0
gnq,2013,0
gnq,2014,0
gnq,2015,0
gnq,2016,0
gnq,2017,0
gnq,2018,0
gnq,2019,0
gnq,2020,0
gnq,2021,21
gnq,2022,0
gnq,2023,2
gnq,2024,0
grc,2000,0
grc,2001,0
grc,2002,0
grc,2005,0
grc,2008,0
grc,2009,0
grc,2010,0
grc,2011,0
grc,2012,0
grc,2015,0
grc,2016,0
grc,2017,0
grc,2019,0
grc,2020,0
grc,2021,0
grc,2022,0
grc,2023,0
grc,2024,0
grd,2000,0
grd,2001,0
grd,2002,0
grd,2003,0
grd,2004,0
grd,2005,0
grd,2006,0
grd,2007,0
grd,2008,0
grd,2009,0
grd,2010,0
grd,2011,0
grd,2012,0
grd,2013,0
grd,2014,0
grd,2015,0
grd,2016,0
grd,2017,0
grd,2018,0
grd,2019,0
grd,2020,0
grd,2021,0
grd,2022,0
grd,2023,0
grd,2024,0
gtm,2001,0
gtm,2002,0
gtm,2003,0
gtm,2004,0
gtm,2005,0
gtm,2008,0
gtm,2009,0
gtm,2010,0
gtm,2011,0
gtm,2012,0
gtm,2013,0
gtm,2014,0
gtm,2015,0
gtm,2016,0
gtm,2017,0
gtm,2018,0
gtm,2019,0
gtm,2020,0
gtm,2021,0
gtm,2022,0
gtm,2023,0
gtm,2024,0
gum,1999,0
gum,2000,0
gum,2001,0
gum,2003,0
gum,2004,0
gum,2007,0
gum,2008,0
gum,2009,0
gum,2010,0
gum,2011,0
gum,2012,0
gum,2013,0
gum,2018,0
gum,2019,0
gum,2023,0
guy,1997,0
guy,1998,0
guy,2000,0
guy,2001,0
guy,2003,0
guy,2004,0
guy,2005,0
guy,2006,0
guy,2007,0
guy,2008,0
guy,2009,0
guy,2010,0
guy,2011,0
guy,2012,0
guy,2013,0
guy,2014,0
guy,2015,0
guy,2016,0
guy,2017,0
guy,2018,0
guy,2020,0
guy,2021,0
guy,2022,0
guy,2023,0
guy,2024,3
hkg,1998,0
hkg,1999,0
hkg,2000,0
hkg,2001,0
hkg,2003,0
hkg,2007,0
hkg,2008,0
hkg,2009,0
hkg,2010,0
hkg,2011,0
hkg,2012,0
hkg,2013,0
hkg,2014,0
hkg,2015,0
hkg,2016,0
hkg,2017,0
hkg,2018,0
hkg,2019,0
hkg,2020,0
hkg,2021,0
hkg,2022,0
hkg,2023,0
hkg,2024,0
hnd,1997,0
hnd,1998,0
hnd,1999,0
hnd,2000,0
hnd,2001,0
hnd,2002,0
hnd,2003,0
hnd,2004,0
hnd,2005,0
hnd,2006,0
hnd,2007,0
hnd,2008,0
hnd,2009,0
hnd,2010,0
hnd,2011,0
hnd,2012,0
hnd,2013,0
hnd,2014,0
hnd,2015,0
hnd,2016,0
hnd,2017,0
hnd,2019,0
hnd,2020,0
hnd,2021,0
hnd,2022,0
hnd,2023,0
hnd,2024,0
hrv,1999,0
hrv,2000,0
hrv,2001,0
hrv,2002,0
hrv,2003,0
hrv,2004,0
hrv,2005,0
hrv,2006,0
hrv,2007,0
hrv,2008,0
hrv,2009,0
hrv,2010,0
hrv,2011,0
hrv,2012,0
hrv,2013,0
hrv,2015,0
hrv,2016,0
hrv,2017,0
hrv,2018,0
hrv,2019,0
hrv,2020,0
hrv,2021,0
hrv,2022,0
hrv,2023,0
hrv,2024,0
hti,2002,0
hti,2009,0
hti,2010,0
hti,2012,0
hti,2014,0
hti,2022,0
hun,2001,0
hun,2003,0
hun,2004,0
hun,2005,0
hun,2006,0
hun,2007,0
hun,2008,0
hun,2009,0
hun,2010,0
hun,2011,0
hun,2012,0
hun,2013,0
hun,2014,0
hun,2015,0
hun,2016,0
hun,2017,0
hun,2018,0
hun,2019,0
hun,2020,0
hun,2021,0
hun,2022,0
hun,2023,0
hun,2024,0
idn,1998,0
idn,2006,0
idn,2007,0
idn,2008,0
idn,2009,0
idn,2010,0
idn,2017,0
idn,2023,0
idn,2024,0
ind,2001,0
irl,2001,0
irl,2002,0
irl,2003,0
irl,2004,0
irl,2005,0
irl,2006,0
irl,2007,0
irl,2008,0
irl,2009,0
irl,2010,0
irl,2011,0
irl,2012,0
irl,2013,0
irl,2014,0
irl,2015,0
irl,2017,0
irl,2018,0
irl,2019,0
irl,2020,0
irl,2021,0
irl,2022,0
irl,2023,0
irl,2024,0
irn,1998,0
irn,2000,0
irn,2001,0
irn,2002,0
irn,2018,0
irn,2021,0
irn,2023,0
irn,2024,0
irq,2001,0
irq,2005,0
irq,2007,0
irq,2008,0
irq,2011,0
irq,2013,0
irq,2014,0
irq,2018,0
irq,2019,0
irq,2021,0
irq,2024,0
isl,2000,0
isl,2001,0
isl,2003,0
isl,2004,0
isl,2005,0
isl,2006,0
isl,2007,0
isl,2008,0
isl,2009,0
isl,2010,0
isl,2011,0
isl,2012,0
isl,2013,0
isl,2014,0
isl,2015,0
isl,2016,0
isl,2017,0
isl,2018,0
isl,2019,0
isl,2020,0
isl,2021,0
isl,2022,0
isl,2023,0
isl,2024,0
isr,2000,0
isr,2001,0
isr,2002,0
isr,2003,0
isr,2004,0
isr,2005,0
isr,2006,0
isr,2007,0
isr,2008,0
isr,2009,0
isr,2010,0
isr,2011,0
isr,2012,0
isr,2013,0
isr,2014,0
isr,2015,0
isr,2016,1
isr,2017,0
isr,2018,0
isr,2019,0
isr,2020,0
isr,2021,0
isr,2022,0
ita,2002,0
ita,2003,0
ita,2004,0
ita,2005,0
ita,2006,0
ita,2007,0
ita,2009,0
ita,2015,0
ita,2017,0
ita,2018,0
ita,2019,0
ita,2020,0
ita,2021,0
ita,2022,0
ita,2023,0
ita,2024,0
jam,1997,0
jam,1998,0
jam,2000,0
jam,2001,0
jam,2002,0
jam,2003,0
jam,2004,0
jam,2005,0
jam,2006,0
jam,2007,0
jam,2008,0
jam,2009,0
jam,2010,0
jam,2011,0
jam,2012,0
jam,2013,0
jam,2014,0
jam,2015,0
jam,2016,0
jam,2017,0
jam,2018,0
jam,2019,0
jam,2020,0
jam,2021,0
jam,2022,0
jam,2023,0
jam,2024,0
jor,1998,0
jor,2000,0
jor,2001,0
jor,2002,0
jor,2003,0
jor,2005,0
jor,2006,0
jor,2007,0
jor,2008,0
jor,2009,0
jor,2010,0
jor,2011,0
jor,2018,0
jor,2019,0
jor,2020,0
jor,2022,0
jor,2023,0
jor,2024,0
jpn,1996,0
jpn,1998,0
jpn,2000,0
jpn,2001,0
jpn,2002,0
jpn,2003,0
jpn,2007,0
jpn,2008,0
jpn,2009,0
jpn,2010,0
jpn,2011,0
jpn,2012,0
jpn,2013,0
jpn,2014,0
jpn,2015,0
jpn,2016,0
jpn,2017,0
jpn,2018,0
jpn,2019,0
jpn,2020,0
jpn,2021,0
jpn,2024,0
kaz,1999,0
kaz,2002,0
kaz,2003,0
kaz,2004,0
kaz,2005,0
kaz,2006,0
kaz,2007,0
kaz,2008,0
kaz,2009,0
kaz,2010,0
kaz,2012,0
kaz,2013,0
kaz,2015,0
kaz,2016,0
kaz,2017,0
kaz,2019,0
kaz,2020,0
kaz,2023,0
kaz,2024,0
ken,1992,27
ken,1993,27
ken,1994,7
ken,1995,11
ken,1996,0
ken,1997,0
ken,1998,0
ken,2000,0
ken,2001,0
ken,2002,0
ken,2003,0
ken,2004,0
ken,2005,0
ken,2006,0
ken,2007,0
ken,2008,0
ken,2010,0
ken,2011,0
ken,2012,0
ken,2013,0
ken,2014,0
ken,2015,0
ken,2016,3
ken,2017,0
ken,2018,0
ken,2019,0
ken,2020,0
ken,2021,0
ken,2022,3
ken,2023,0
ken,2024,0
kgz,2002,0
kgz,2003,0
kgz,2008,0
kgz,2021,0
kgz,2022,0
khm,1998,0
khm,2002,0
khm,2012,0
khm,2013,0
khm,2014,0
khm,2015,0
kir,1998,0
kir,1999,0
kir,2000,0
kir,2001,0
kir,2002,0
kir,2007,0
kir,2008,0
kir,2009,0
kir,2010,0
kir,2012,0
kir,2013,0
kir,2014,0
kir,2017,0
kir,2018,0
kir,2019,0
kir,2022,0
kir,2023,0
kir,2024,0
kna,2000,0
kna,2001,0
kna,2003,0
kna,2004,0
kna,2005,0
kna,2006,0
kna,2007,0
kna,2008,0
kna,2009,0
kna,2010,0
kna,2011,0
kna,2012,0
kna,2013,0
kna,2014,0
kna,2015,0
kna,2016,0
kna,2017,0
kna,2018,0
kna,2019,0
kna,2020,0
kna,2021,0
kna,2022,0
kna,2023,0
kna,2024,0
kor,1998,0
kor,2001,0
kor,2003,0
kor,2004,0
kor,2005,0
kor,2006,0
kor,2007,0
kor,2008,0
kor,2009,0
kor,2010,0
kor,2011,0
kor,2012,0
kor,2013,0
kor,2014,0
kor,2015,0
kor,2017,0
kor,2019,0
kor,2020,0
kor,2021,0
kor,2022,0
kor,2023,0
kor,2024,0
kwt,1998,0
kwt,1999,0
kwt,2000,0
kwt,2005,0
kwt,2010,0
kwt,2011,0
kwt,2012,0
kwt,2013,0
kwt,2018,0
kwt,2021,0
kwt,2022,0
kwt,2023,0
kwt,2024,0
lao,1998,0
lao,1999,0
lao,2006,0
lao,2012,0
lao,2016,0
lao,2017,0
lao,2018,0
lao,2019,0
lao,2020,0
lao,2021,0
lbn,1998,0
lbn,1999,0
lbn,2000,0
lbn,2001,0
lbn,2002,0
lbn,2003,0
lbn,2004,0
lbn,2005,0
lbn,2006,0
lbn,2007,0
lbn,2008,0
lbn,2009,0
lbn,2010,0
lbn,2011,0
lbn,2012,0
lbn,2013,0
lbn,2014,0
lbn,2015,0
lbn,2016,0
lbn,2017,0
lbn,2018,0
lbn,2019,0
lbn,2023,0
lbn,2024,0
lbr,1995,360
lbr,1997,3
lbr,1998,25
lbr,2000,137
lbr,2001,158
lbr,2002,74
lbr,2003,54
lbr,2004,4
lbr,2005,41
lbr,2006,26
lbr,2007,0
lbr,2008,1
lbr,2009,1
lbr,2010,1
lbr,2011,0
lbr,2012,17
lbr,2013,0
lbr,2014,1
lbr,2015,1
lbr,2016,0
lbr,2017,1
lbr,2018,1
lbr,2019,2
lbr,2020,36
lbr,2021,25
lbr,2022,0
lbr,2023,1
lbr,2024,0
lby,1998,0
lby,2001,0
lby,2005,0
lby,2006,0
lby,2007,0
lby,2008,0
lby,2009,0
lby,2012,0
lby,2018,0
lby,2022,0
lby,2023,0
lby,2024,0
lca,2000,0
lca,2001,0
lca,2002,0
lca,2003,0
lca,2004,0
lca,2006,0
lca,2007,0
lca,2008,0
lca,2009,0
lca,2010,0
lca,2011,0
lca,2012,0
lca,2013,0
lca,2014,0
lca,2015,0
lca,2016,0
lca,2017,0
lca,2018,0
lca,2019,0
lca,2020,0
lca,2021,0
lca,2022,0
lca,2023,0
lca,2024,0
lka,1998,0
lka,2000,0
lka,2001,0
lka,2002,0
lka,2004,0
lka,2005,0
lka,2009,0
lka,2010,0
lka,2011,0
lka,2012,0
lka,2013,0
lka,2014,0
lka,2015,0
lka,2016,0
lka,2017,0
lka,2018,0
lka,2019,0
lka,2020,0
lka,2021,0
lka,2022,0
lka,2023,0
lka,2024,0
lso,2000,0
lso,2006,0
lso,2007,0
lso,2008,0
lso,2009,0
lso,2010,0
lso,2011,0
lso,2012,0
lso,2013,0
lso,2014,0
lso,2015,0
lso,2016,0
lso,2017,0
lso,2018,0
lso,2019,0
lso,2020,0
ltu,2000,0
ltu,2001,0
ltu,2002,0
ltu,2003,0
ltu,2004,0
ltu,2005,0
ltu,2006,0
ltu,2007,0
ltu,2008,0
ltu,2009,0
ltu,2011,0
ltu,2012,0
ltu,2013,0
ltu,2014,0
ltu,2016,0
ltu,2017,0
ltu,2018,0
ltu,2019,0
ltu,2020,0
ltu,2021,0
ltu,2022,0
ltu,2023,0
ltu,2024,0
lux,2003,0
lux,2004,0
lux,2006,0
lux,2007,0
lux,2008,0
lux,2009,0
lux,2010,0
lux,2011,0
lux,2012,0
lux,2013,0
lux,2015,0
lux,2016,0
lux,2017,0
lux,2018,0
lux,2020,0
lux,2021,0
lux,2022,0
lux,2023,0
lux,2024,0
lva,2001,0
lva,2002,0
lva,2004,0
lva,2005,0
lva,2006,0
lva,2007,0
lva,2008,0
lva,2009,0
lva,2010,0
lva,2011,0
lva,2012,0
lva,2013,0
lva,2015,0
lva,2016,0
lva,2018,0
lva,2019,0
lva,2020,0
lva,2021,0
lva,2022,0
lva,2023,0
lva,2024,0
mac,1998,0
mac,1999,0
mac,2000,0
mac,2001,0
mac,2003,0
mac,2004,0
mac,2005,0
mac,2007,0
mac,2008,0
mac,2009,0
mac,2011,0
mac,2012,0
mac,2013,0
mac,2014,0
mac,2015,0
mac,2016,0
mac,2017,0
mac,2018,0
mac,2019,0
mac,2020,0
mac,2021,0
mac,2022,0
mac,2023,0
mac,2024,0
mar,1998,0
mar,2000,0
mar,2006,0
mar,2007,0
mar,2011,0
mco,2002,0
mco,2003,0
mco,2019,0
mco,2021,0
mco,2023,0
mco,2024,0
mda,1999,0
mda,2001,0
mda,2003,0
mda,2004,0
mda,2005,0
mda,2006,0
mda,2007,0
mda,2008,0
mda,2010,0
mda,2011,0
mda,2012,0
mda,2013,0
mda,2014,0
mda,2015,0
mda,2016,0
mda,2017,0
mda,2018,0
mda,2019,0
mda,2021,0
mda,2022,0
mda,2023,0
mda,2024,0
mdg,1997,0
mdg,1999,0
mdg,2001,0
mdg,2002,0
mdg,2009,0
mdg,2010,0
mdg,2011,0
mdg,2020,0
mdg,2021,0
mdg,2022,0
mdv,1998,0
mdv,2001,0
mdv,2005,0
mdv,2006,0
mdv,2007,0
mdv,2008,0
mdv,2009,0
mdv,2010,0
mdv,2011,0
mdv,2012,0
mdv,2013,0
mdv,2014,0
mdv,2015,0
mdv,2016,0
mdv,2017,0
mdv,2018,0
mdv,2019,0
mdv,2021,0
mdv,2022,0
mdv,2023,0
mdv,2024,0
mex,1997,0
mex,1998,0
mex,2000,0
mex,2001,0
mex,2003,0
mex,2004,0
mex,2005,0
mex,2008,0
mex,2009,0
mex,2010,0
mex,2011,0
mex,2012,0
mex,2013,0
mex,2014,0
mex,2015,0
mex,2016,0
mex,2017,0
mex,2018,0
mex,2019,0
mex,2020,0
mex,2021,0
mex,2022,0
mex,2023,0
mex,2024,0
mhl,1999,0
mhl,2000,0
mhl,2001,0
mhl,2003,0
mhl,2004,0
mhl,2006,0
mhl,2007,0
mhl,2009,0
mhl,2010,0
mhl,2011,0
mhl,2012,0
mhl,2019,0
mhl,2022,0
mhl,2023,0
mhl,2024,0
mkd,1999,0
mkd,2001,0
mkd,2002,0
mkd,2003,0
mkd,2004,0
mkd,2005,0
mkd,2006,0
mkd,2007,0
mkd,2008,0
mkd,2009,0
mkd,2010,0
mkd,2011,0
mkd,2012,0
mkd,2013,0
mkd,2014,0
mkd,2015,0
mkd,2016,0
mkd,2018,0
mkd,2020,0
mkd,2021,0
mkd,2022,0
mkd,2023,0
mkd,2024,0
mli,1987,305
mli,1996,0
mli,1997,0
mli,1998,0
mli,1999,0
mli,2000,0
mli,2001,0
mli,2002,0
mli,2003,0
mli,2004,1
mli,2005,43
mli,2006,0
mli,2007,1
mli,2008,0
mli,2009,4
mli,2010,3
mli,2011,0
mli,2012,0
mli,2013,0
mli,2014,1
mli,2015,10
mli,2016,0
mli,2017,0
mli,2018,225
mli,2019,5
mli,2020,6
mli,2021,0
mli,2022,0
mli,2023,0
mli,2024,0
mlt,2000,0
mlt,2001,0
mlt,2002,0
mlt,2003,0
mlt,2004,0
mlt,2005,0
mlt,2007,0
mlt,2008,0
mlt,2009,0
mlt,2010,0
mlt,2011,0
mlt,2014,0
mlt,2015,0
mlt,2016,0
mlt,2017,0
mlt,2018,0
mlt,2019,0
mlt,2021,0
mlt,2022,0
mlt,2023,0
mlt,2024,0
mmr,2001,0
mmr,2005,0
mmr,2006,0
mne,2006,0
mne,2007,0
mne,2008,0
mne,2009,0
mne,2011,0
mne,2012,0
mne,2013,0
mne,2016,0
mne,2017,0
mne,2018,0
mne,2021,0
mne,2022,0
mne,2023,0
mne,2024,0
mng,2000,0
mng,2001,0
mng,2002,0
mng,2003,0
mng,2004,0
mng,2005,0
mng,2007,0
mng,2008,0
mng,2009,0
mng,2010,0
mng,2011,0
mng,2012,0
mng,2013,0
mng,2014,0
mng,2015,0
mng,2016,0
mng,2017,0
mng,2018,0
mng,2019,0
mnp,1999,0
mnp,2000,0
mnp,2003,0
mnp,2004,0
mnp,2007,0
mnp,2008,0
mnp,2009,0
mnp,2010,0
mnp,2011,0
mnp,2013,0
mnp,2023,0
mnp,2024,0
moz,1997,0
moz,2000,0
moz,2001,0
moz,2007,0
moz,2008,0
moz,2015,0
moz,2017,0
moz,2019,0
mrt,1987,21
mrt,1997,0
mrt,1998,0
mrt,2001,0
mrt,2002,0
mrt,2003,10
mrt,2004,0
mrt,2006,0
mrt,2007,0
mrt,2008,0
mrt,2012,0
mrt,2013,0
mrt,2015,0
mrt,2016,0
mrt,2018,0
mrt,2019,0
mrt,2020,0
mrt,2021,0
mrt,2024,0
msr,2017,0
msr,2018,0
msr,2019,0
msr,2021,0
msr,2022,0
msr,2023,0
msr,2024,0
mus,1996,0
mus,1997,0
mus,1999,0
mus,2000,0
mus,2001,0
mus,2003,0
mus,2004,0
mus,2005,0
mus,2006,0
mus,2007,0
mus,2008,0
mus,2009,0
mus,2010,0
mus,2011,0
mus,2012,0
mus,2013,0
mus,2014,0
mus,2017,0
mus,2022,0
mus,2024,0
mwi,1996,0
mwi,1997,0
mwi,1998,0
mwi,1999,0
mwi,2004,0
mwi,2013,0
mwi,2014,0
mwi,2015,0
mwi,2016,0
mwi,2017,0
mwi,2018,0
mys,1998,0
mys,1999,0
mys,2000,0
mys,2001,0
mys,2002,0
mys,2003,0
mys,2004,0
mys,2005,0
mys,2006,0
mys,2007,0
mys,2008,0
mys,2009,0
mys,2010,0
mys,2013,0
mys,2014,0
mys,2015,0
mys,2016,0
mys,2017,0
mys,2018,0
mys,2019,0
mys,2020,0
mys,2021,0
mys,2022,0
mys,2023,0
mys,2024,0
nam,1997,0
nam,1998,0
nam,1999,0
nam,2001,0
nam,2004,0
nam,2007,0
nam,2008,3
nam,2009,0
nam,2010,0
nam,2011,0
nam,2014,0
nam,2015,0
nam,2016,0
nam,2017,0
nam,2018,0
nam,2019,0
nam,2020,0
nam,2021,0
nam,2022,0
nam,2023,0
nam,2024,0
ncl,2000,0
ncl,2001,0
ncl,2003,0
ncl,2007,0
ncl,2008,0
ncl,2009,0
ncl,2010,0
ncl,2011,0
ncl,2012,0
ncl,2013,0
ncl,2018,0
ncl,2022,0
ncl,2023,0
ncl,2024,0
ner,1987,0
ner,1989,0
ner,1991,0
ner,1995,0
ner,1997,0
ner,1998,0
ner,1999,0
ner,2000,0
ner,2001,0
ner,2002,0
ner,2003,0
ner,2004,0
ner,2006,0
ner,2008,0
ner,2009,0
ner,2010,0
ner,2011,20
ner,2012,0
ner,2013,0
ner,2014,0
ner,2015,0
ner,2016,0
ner,2017,0
ner,2018,0
ner,2019,0
ner,2020,0
ner,2021,0
ner,2022,4
ner,2023,4
ner,2024,96
nga,1974,7
nga,1978,60
nga,1980,8
nga,1983,15
nga,1984,898
nga,1985,6
nga,1986,1318
nga,1987,2676
nga,1988,5067
nga,1989,3270
nga,1990,4075
nga,1991,2561
nga,1992,149
nga,1993,152
nga,1994,1227
nga,1996,0
nga,1997,7
nga,1998,0
nga,2000,0
nga,2001,5
nga,2002,0
nga,2007,0
nga,2008,0
nga,2009,0
nga,2010,0
nga,2011,387
nga,2012,0
nga,2013,0
nga,2014,0
nga,2015,0
nga,2016,0
nga,2017,26
nga,2018,47
nga,2019,154
nga,2020,216
nga,2021,54
nga,2022,14
nga,2023,43
nga,2024,22
nic,1997,0
nic,1998,0
nic,1999,0
nic,2000,0
nic,2001,0
nic,2002,0
nic,2003,0
nic,2004,0
nic,2005,0
nic,2006,0
nic,2007,0
nic,2008,0
nic,2009,0
nic,2010,0
nic,2011,0
nic,2012,0
nic,2013,0
nic,2014,0
nic,2015,0
nic,2016,0
nic,2017,0
nic,2018,0
nic,2019,0
nic,2020,0
nic,2021,0
nic,2022,0
nic,2023,0
nic,2024,0
niu,1998,0
niu,1999,0
niu,2000,0
niu,2001,0
niu,2002,0
niu,2003,0
niu,2004,0
niu,2005,0
niu,2007,0
niu,2008,0
niu,2009,0
niu,2010,0
niu,2011,0
niu,2012,0
niu,2013,0
niu,2019,0
niu,2022,0
niu,2023,0
niu,2024,0
nld,2002,0
nld,2003,0
nld,2004,0
nld,2005,0
nld,2006,0
nld,2007,0
nld,2008,0
nld,2012,0
nld,2013,0
nld,2014,0
nld,2015,0
nld,2017,0
nld,2018,1
nld,2019,0
nld,2020,0
nld,2021,0
nld,2022,0
nld,2023,0
nor,2001,0
nor,2002,0
nor,2003,0
nor,2004,0
nor,2005,0
nor,2006,0
nor,2008,0
nor,2009,0
nor,2010,0
nor,2011,0
nor,2012,0
nor,2013,0
nor,2014,0
nor,2015,0
nor,2016,0
nor,2017,0
nor,2018,0
nor,2019,0
nor,2020,0
nor,2021,0
nor,2022,0
nor,2023,0
nor,2024,0
npl,2004,0
nru,2001,0
nru,2002,0
nru,2004,0
nru,2006,0
nru,2007,0
nru,2008,0
nru,2009,0
nru,2010,0
nru,2011,0
nru,2019,0
nzl,1998,0
nzl,1999,0
nzl,2000,0
nzl,2001,0
nzl,2002,0
nzl,2003,0
nzl,2004,0
nzl,2005,0
nzl,2006,0
nzl,2007,0
nzl,2009,0
nzl,2010,0
nzl,2011,0
nzl,2012,0
nzl,2013,0
nzl,2014,0
nzl,2015,0
nzl,2016,0
nzl,2017,0
nzl,2018,0
nzl,2019,0
nzl,2020,0
nzl,2021,0
nzl,2022,0
nzl,2024,0
omn,1998,0
omn,1999,0
omn,2000,0
omn,2001,0
omn,2002,0
omn,2003,0
omn,2005,0
omn,2006,0
omn,2007,0
omn,2008,0
omn,2009,0
omn,2010,0
omn,2011,0
omn,2012,0
omn,2013,0
omn,2014,0
omn,2015,0
omn,2016,0
omn,2017,0
omn,2018,0
omn,2020,0
omn,2021,0
omn,2022,0
omn,2023,0
omn,2024,0
pan,1974,4
pan,1997,0
pan,1998,0
pan,2000,0
pan,2001,0
pan,2003,0
pan,2004,0
pan,2005,0
pan,2006,0
pan,2007,0
pan,2008,0
pan,2009,0
pan,2010,0
pan,2011,0
pan,2012,0
pan,2013,0
pan,2014,0
pan,2015,0
pan,2016,0
pan,2017,0
pan,2018,0
pan,2019,0
pan,2020,0
pan,2021,0
pan,2023,0
pan,2024,0
per,1974,2
per,1975,1
per,1976,1
per,1977,82
per,1978,93
per,1979,97
per,1980,30
per,1981,98
per,1982,19
per,1983,27
per,1984,28
per,1985,59
per,1986,118
per,1987,179
per,1988,195
per,1989,120
per,1990,17
per,1991,27
per,1992,67
per,1993,89
per,1994,61
per,1995,499
per,1996,86
per,1997,44
per,1998,165
per,1999,58
per,2000,6
per,2001,28
per,2002,51
per,2003,26
per,2004,67
per,2005,66
per,2006,63
per,2007,27
per,2008,15
per,2009,8
per,2010,18
per,2011,13
per,2012,9
per,2013,21
per,2014,17
per,2015,24
per,2016,62
per,2017,9
per,2018,10
per,2019,4
per,2020,8
per,2021,11
per,2022,7
per,2023,28
per,2024,19
phl,1999,0
phl,2005,0
phl,2008,0
phl,2009,0
plw,1998,0
plw,1999,0
plw,2000,0
plw,2002,0
plw,2004,0
plw,2006,0
plw,2007,0
plw,2008,0
plw,2009,0
plw,2010,0
plw,2011,0
plw,2012,0
plw,2013,0
plw,2014,0
plw,2015,0
plw,2016,0
plw,2017,0
plw,2022,0
plw,2023,0
plw,2024,0
png,2018,0
png,2019,0
png,2020,0
png,2021,0
png,2022,0
png,2023,0
png,2024,0
pol,2000,0
pol,2001,0
pol,2002,0
pol,2003,0
pol,2004,0
pol,2005,0
pol,2006,0
pol,2007,0
pol,2009,0
pol,2010,0
pol,2012,0
pol,2013,0
pol,2016,0
pol,2017,0
pol,2018,0
pol,2020,0
pol,2021,0
pol,2022,0
pol,2023,0
pol,2024,0
prk,1999,0
prk,2003,0
prk,2004,0
prk,2005,0
prk,2006,0
prk,2007,0
prk,2008,0
prk,2009,0
prk,2011,0
prk,2012,0
prk,2013,0
prk,2014,0
prk,2015,0
prk,2016,0
prk,2017,0
prk,2018,0
prk,2022,0
prt,2002,0
prt,2003,0
prt,2004,0
prt,2005,0
prt,2006,0
prt,2007,0
prt,2011,0
prt,2012,0
prt,2014,0
prt,2015,0
prt,2016,0
prt,2017,0
prt,2018,0
prt,2019,0
prt,2020,0
prt,2021,0
prt,2022,0
prt,2023,0
prt,2024,0
pry,1974,9
pry,1997,0
pry,1998,0
pry,2000,0
pry,2001,0
pry,2002,0
pry,2003,0
pry,2004,0
pry,2005,0
pry,2006,0
pry,2007,0
pry,2008,28
pry,2009,0
pry,2010,0
pry,2011,0
pry,2012,0
pry,2013,0
pry,2014,0
pry,2015,0
pry,2016,0
pry,2017,0
pry,2018,0
pry,2019,0
pry,2020,0
pry,2021,0
pry,2022,0
pry,2023,0
pry,2024,0
pse,1998,0
pse,2000,0
pse,2010,0
pse,2017,0
pse,2018,0
pse,2020,0
pse,2021,0
pse,2022,0
pse,2023,0
pse,2024,0
pyf,1998,0
pyf,2000,0
pyf,2001,0
pyf,2007,0
pyf,2008,0
pyf,2009,0
pyf,2010,0
pyf,2011,0
pyf,2012,0
pyf,2013,0
pyf,2020,0
pyf,2021,0
pyf,2022,0
pyf,2023,0
pyf,2024,0
qat,1998,0
qat,2000,0
qat,2001,0
qat,2002,0
qat,2003,0
qat,2005,0
qat,2006,0
qat,2007,0
qat,2009,0
qat,2010,0
qat,2011,0
qat,2012,0
qat,2013,0
qat,2014,0
qat,2015,0
qat,2016,0
qat,2017,0
qat,2018,0
qat,2020,0
qat,2021,0
qat,2022,0
qat,2023,0
qat,2024,0
rou,1999,0
rou,2000,0
rou,2001,0
rou,2002,0
rou,2003,0
rou,2004,0
rou,2005,0
rou,2006,0
rou,2007,0
rou,2008,0
rou,2009,0
rou,2010,0
rou,2011,0
rou,2012,0
rou,2013,0
rou,2014,0
rou,2015,0
rou,2016,0
rou,2017,0
rou,2018,1
rou,2020,0
rou,2021,0
rou,2022,0
rou,2024,0
rus,2001,0
rus,2002,0
rus,2008,0
rus,2011,0
rus,2014,0
rwa,1996,0
rwa,1997,0
rwa,1999,0
rwa,2000,0
rwa,2002,0
rwa,2003,0
rwa,2005,0
rwa,2011,0
rwa,2012,0
rwa,2013,0
rwa,2014,0
rwa,2015,0
rwa,2016,0
rwa,2017,0
rwa,2018,0
rwa,2019,0
rwa,2020,0
rwa,2023,0
rwa,2024,0
sau,1998,0
sau,1999,0
sau,2001,0
sau,2002,0
sau,2003,0
sau,2005,0
sau,2006,0
sau,2007,0
sau,2008,0
sau,2009,0
sau,2010,0
sau,2011,0
sau,2013,0
sau,2015,0
sau,2016,0
sau,2021,0
sau,2022,0
sau,2023,0
sau,2024,0
sdn,2001,0
sdn,2002,0
sdn,2022,0
sen,1979,1
sen,1981,3
sen,1991,0
sen,1992,0
sen,1993,0
sen,1997,0
sen,1999,0
sen,2000,0
sen,2001,18
sen,2003,163
sen,2004,1
sen,2005,7
sen,2006,1
sen,2007,0
sen,2008,0
sen,2009,0
sen,2010,1
sen,2011,7
sen,2012,1
sen,2013,2
sen,2014,0
sen,2015,1
sen,2016,0
sen,2017,0
sen,2018,0
sen,2019,0
sen,2020,8
sen,2021,0
sen,2022,0
sen,2023,0
sen,2024,0
sgp,1998,0
sgp,1999,0
sgp,2000,0
sgp,2002,0
sgp,2003,0
sgp,2004,0
sgp,2005,0
sgp,2006,0
sgp,2007,0
sgp,2008,0
sgp,2009,0
sgp,2010,0
sgp,2011,0
sgp,2012,0
sgp,2013,0
sgp,2017,0
sgp,2018,0
sgp,2024,0
slb,2001,0
slb,2002,0
slb,2004,0
slb,2006,0
slb,2007,0
slb,2008,0
slb,2009,0
slb,2010,0
slb,2011,0
slb,2012,0
slb,2013,0
slb,2018,0
slb,2019,0
sle,1975,134
sle,1995,1
sle,1997,0
sle,2000,1
sle,2002,0
sle,2003,95
sle,2004,0
sle,2005,3
sle,2006,12
sle,2007,0
sle,2008,111
sle,2009,3
sle,2010,0
sle,2011,361
sle,2012,94
sle,2013,3
sle,2014,0
sle,2015,0
sle,2016,0
sle,2017,0
sle,2018,0
sle,2019,0
sle,2021,0
sle,2022,2
sle,2023,160
sle,2024,96
slv,1997,0
slv,1998,0
slv,1999,0
slv,2000,0
slv,2001,0
slv,2003,0
slv,2004,0
slv,2005,0
slv,2006,0
slv,2007,0
slv,2008,0
slv,2009,0
slv,2010,0
slv,2011,0
slv,2012,0
slv,2013,0
slv,2014,0
slv,2015,0
slv,2016,0
slv,2017,0
slv,2018,0
slv,2019,0
slv,2020,0
slv,2021,0
slv,2022,0
slv,2023,0
slv,2024,0
smr,2003,0
smr,2004,0
smr,2005,0
smr,2006,0
smr,2007,0
smr,2009,0
smr,2010,0
smr,2011,0
smr,2012,0
smr,2016,0
smr,2017,0
smr,2018,0
smr,2019,0
smr,2020,0
smr,2021,0
smr,2022,0
smr,2023,0
smr,2024,0
som,2019,0
som,2020,0
srb,1999,0
srb,2000,0
srb,2002,0
srb,2004,0
srb,2006,0
srb,2007,0
srb,2008,0
srb,2018,0
srb,2019,0
srb,2020,0
srb,2021,0
srb,2022,0
ssd,2011,128
ssd,2012,0
ssd,2014,0
ssd,2015,0
ssd,2017,0
ssd,2018,3
ssd,2020,2
ssd,2021,0
ssd,2022,2
ssd,2023,104
stp,1996,0
stp,1997,0
stp,2000,0
stp,2001,0
stp,2002,0
stp,2003,0
stp,2004,0
stp,2005,0
stp,2006,0
stp,2007,0
stp,2008,0
stp,2009,0
stp,2010,0
stp,2011,0
stp,2012,0
stp,2013,0
stp,2014,0
stp,2015,0
stp,2016,0
stp,2017,0
stp,2018,0
stp,2019,0
stp,2021,0
sur,2000,0
sur,2001,0
sur,2002,0
sur,2004,0
sur,2005,0
sur,2006,0
sur,2007,0
sur,2008,0
sur,2009,0
sur,2010,0
sur,2011,0
sur,2012,0
sur,2013,0
sur,2014,0
sur,2015,0
sur,2016,0
sur,2018,0
sur,2019,0
sur,2020,0
sur,2021,0
sur,2022,0
sur,2023,0
sur,2024,0
svk,2001,0
svk,2002,0
svk,2003,0
svk,2004,0
svk,2005,0
svk,2006,0
svk,2007,0
svk,2008,0
svk,2009,0
svk,2010,0
svk,2011,0
svk,2012,0
svk,2013,0
svk,2014,0
svk,2015,0
svk,2016,0
svk,2017,0
svk,2018,0
svk,2019,0
svk,2020,0
svk,2021,0
svk,2022,0
svk,2023,0
svk,2024,0
svn,2001,0
svn,2002,0
svn,2003,0
svn,2004,0
svn,2005,0
svn,2006,0
svn,2007,0
svn,2008,0
svn,2009,0
svn,2010,0
svn,2011,0
svn,2012,0
svn,2013,0
svn,2014,0
svn,2015,0
svn,2016,0
svn,2017,0
svn,2018,0
svn,2019,0
svn,2020,0
svn,2021,0
svn,2022,0
svn,2023,0
svn,2024,0
swe,2000,0
swe,2001,0
swe,2002,0
swe,2003,0
swe,2004,0
swe,2005,0
swe,2006,0
swe,2007,0
swe,2008,0
swe,2009,0
swe,2010,0
swe,2011,0
swe,2012,0
swe,2013,0
swe,2014,0
swe,2015,0
swe,2016,0
swe,2017,0
swe,2018,0
swe,2019,0
swe,2020,0
swe,2021,0
swe,2022,0
swe,2023,0
swe,2024,0
swz,1995,0
swz,1996,0
swz,1997,0
swz,1999,0
swz,2004,0
swz,2005,0
swz,2006,0
swz,2007,0
swz,2008,0
swz,2009,0
swz,2011,0
swz,2012,0
swz,2013,0
swz,2018,0
sxm,2017,0
sxm,2018,0
syc,1995,0
syc,1996,0
syc,1997,0
syc,1998,0
syc,1999,0
syc,2001,0
syc,2002,0
syc,2003,0
syc,2004,0
syc,2005,0
syc,2006,0
syc,2007,0
syc,2008,0
syc,2009,0
syc,2010,0
syc,2011,0
syc,2012,0
syc,2013,0
syc,2014,0
syc,2015,0
syc,2016,0
syc,2017,0
syc,2018,0
syc,2019,0
syc,2020,0
syc,2021,0
syc,2022,0
syc,2023,0
syc,2024,0
syr,1999,0
syr,2000,0
syr,2001,0
syr,2003,0
syr,2005,0
syr,2007,0
syr,2008,0
syr,2009,0
syr,2010,0
syr,2011,0
syr,2012,0
syr,2013,0
syr,2016,0
syr,2017,0
syr,2018,0
syr,2019,0
syr,2020,0
syr,2022,0
syr,2024,0
tca,2000,0
tca,2003,0
tca,2017,0
tca,2018,0
tca,2019,0
tca,2020,0
tca,2021,0
tca,2022,0
tca,2023,0
tca,2024,0
tcd,1997,0
tcd,1999,0
tcd,2001,0
tcd,2003,0
tcd,2004,0
tcd,2005,0
tcd,2006,0
tcd,2008,0
tcd,2009,3
tcd,2010,79
tcd,2011,122
tcd,2012,48
tcd,2013,5
tcd,2014,0
tcd,2015,0
tcd,2016,1
tcd,2017,0
tcd,2018,416
tcd,2019,0
tcd,2020,3
tcd,2022,10
tcd,2023,1
tcd,2024,3
tgo,1984,1
tgo,1987,5
tgo,1995,0
tgo,1997,0
tgo,1998,0
tgo,1999,0
tgo,2000,0
tgo,2001,0
tgo,2002,0
tgo,2003,0
tgo,2004,0
tgo,2005,0
tgo,2006,3
tgo,2007,3
tgo,2008,2
tgo,2009,0
tgo,2010,0
tgo,2011,0
tgo,2012,12
tgo,2013,0
tgo,2014,0
tgo,2015,0
tgo,2016,0
tgo,2017,0
tgo,2018,0
tgo,2019,0
tgo,2020,1
tgo,2021,2
tgo,2022,4
tgo,2023,4
tgo,2024,1
tha,1998,0
tha,1999,0
tha,2000,0
tha,2001,0
tha,2003,0
tha,2004,0
tha,2005,0
tha,2006,0
tha,2007,0
tha,2009,0
tha,2010,0
tha,2011,0
tha,2012,0
tha,2013,0
tha,2014,0
tha,2015,0
tha,2016,0
tha,2017,0
tha,2018,0
tha,2023,0
tha,2024,0
tjk,1999,0
tjk,2001,0
tjk,2002,0
tjk,2003,0
tjk,2004,0
tjk,2006,0
tjk,2016,0
tjk,2017,0
tjk,2018,0
tjk,2020,0
tjk,2021,0
tkl,1998,0
tkl,1999,0
tkl,2000,0
tkl,2001,0
tkl,2003,0
tkl,2004,0
tkl,2005,0
tkl,2009,0
tkl,2010,0
tkl,2011,0
tkl,2019,0
tkm,1999,0
tkm,2001,0
tkm,2002,0
tkm,2003,0
tkm,2004,0
tkm,2006,0
tkm,2016,0
tkm,2018,0
tkm,2019,0
tkm,2020,0
tkm,2021,0
tkm,2022,0
tkm,2023,0
tkm,2024,0
tls,2002,0
tls,2003,0
tls,2004,0
tls,2005,0
tls,2007,0
tls,2008,0
tls,2009,0
tls,2011,0
tls,2012,0
tls,2013,0
tls,2014,0
tls,2015,0
tls,2017,0
tls,2018,0
tls,2019,0
tls,2020,0
tls,2022,0
tls,2023,0
ton,1999,0
ton,2001,0
ton,2002,0
ton,2006,0
ton,2008,0
ton,2009,0
ton,2010,0
ton,2011,0
ton,2012,0
ton,2013,0
ton,2016,0
ton,2017,0
ton,2018,0
ton,2023,0
ton,2024,0
tto,1979,18
tto,1997,0
tto,1998,0
tto,2000,0
tto,2001,0
tto,2002,0
tto,2004,0
tto,2005,0
tto,2006,0
tto,2007,0
tto,2008,0
tto,2009,0
tto,2010,0
tto,2011,0
tto,2012,0
tto,2013,0
tto,2014,0
tto,2015,0
tto,2016,0
tto,2017,0
tto,2018,0
tto,2019,0
tto,2020,0
tto,2021,0
tto,2022,0
tto,2023,0
tto,2024,0
tun,2003,0
tun,2006,0
tun,2007,0
tun,2012,0
tun,2016,0
tun,2019,0
tur,2005,0
tur,2006,0
tur,2009,0
tur,2010,0
tur,2011,0
tur,2022,0
tuv,1999,0
tuv,2004,0
tuv,2006,0
tuv,2007,0
tuv,2008,0
tza,1997,0
tza,2002,0
tza,2004,0
tza,2005,0
tza,2006,0
tza,2007,0
tza,2012,0
tza,2013,0
tza,2017,0
tza,2018,0
tza,2022,9
uga,1997,0
uga,1998,0
uga,2000,0
uga,2003,11
uga,2005,0
uga,2006,0
uga,2007,0
uga,2008,0
uga,2009,0
uga,2010,106
uga,2011,66
uga,2012,32
uga,2016,8
uga,2017,3
uga,2018,2
uga,2020,11
uga,2022,0
uga,2023,1
uga,2024,3
ukr,2000,0
ukr,2001,0
ukr,2002,0
ukr,2003,0
ukr,2006,0
ukr,2007,0
ukr,2008,0
ukr,2011,0
ukr,2018,0
ukr,2019,0
ukr,2020,0
ukr,2021,0
ukr,2022,0
ukr,2023,0
ukr,2024,0
ury,1995,0
ury,1996,0
ury,1997,0
ury,1998,0
ury,1999,0
ury,2000,0
ury,2001,0
ury,2002,0
ury,2003,0
ury,2004,0
ury,2005,0
ury,2006,0
ury,2007,0
ury,2008,0
ury,2009,0
ury,2010,0
ury,2011,0
ury,2012,0
ury,2013,0
ury,2014,0
ury,2015,0
ury,2016,0
ury,2017,0
ury,2018,0
ury,2019,0
ury,2020,0
ury,2021,0
ury,2022,0
ury,2023,0
ury,2024,0
usa,1998,0
usa,2000,0
usa,2001,0
usa,2002,1
usa,2003,0
usa,2008,0
usa,2009,0
usa,2010,0
usa,2011,0
usa,2012,0
usa,2013,0
usa,2014,0
uzb,1999,0
uzb,2001,0
uzb,2002,0
uzb,2003,0
uzb,2004,0
uzb,2005,0
uzb,2006,0
uzb,2008,0
uzb,2009,0
uzb,2010,0
uzb,2011,0
uzb,2013,0
uzb,2015,0
uzb,2016,0
uzb,2017,0
uzb,2018,0
uzb,2019,0
uzb,2023,0
uzb,2024,0
vct,2000,0
vct,2001,0
vct,2002,0
vct,2004,0
vct,2005,0
vct,2006,0
vct,2007,0
vct,2008,0
vct,2009,0
vct,2010,0
vct,2011,0
vct,2012,0
vct,2013,0
vct,2014,0
vct,2015,0
vct,2016,0
vct,2017,0
vct,2018,0
vct,2019,0
vct,2020,0
vct,2021,0
vct,2022,0
vct,2024,0
ven,1978,3
ven,1979,3
ven,1980,4
ven,1995,2
ven,1997,0
ven,1998,15
ven,1999,1
ven,2000,0
ven,2001,0
ven,2002,3
ven,2003,43
ven,2004,5
ven,2005,12
ven,2006,0
ven,2007,0
ven,2008,0
ven,2009,0
ven,2010,0
ven,2011,0
ven,2012,0
ven,2013,0
ven,2014,0
ven,2015,0
ven,2016,0
ven,2017,0
ven,2018,0
ven,2019,2
ven,2020,0
ven,2021,13
ven,2022,0
ven,2023,0
ven,2024,0
vgb,2001,0
vgb,2003,0
vgb,2017,0
vgb,2018,0
vgb,2019,0
vgb,2020,0
vgb,2021,0
vgb,2022,0
vgb,2023,0
vgb,2024,0
vnm,1999,0
vnm,2001,0
vnm,2003,0
vut,1998,0
vut,1999,0
vut,2001,0
vut,2018,0
vut,2019,0
vut,2020,0
vut,2021,0
vut,2022,0
vut,2023,0
wlf,1998,0
wlf,1999,0
wlf,2000,0
wlf,2003,0
wlf,2007,0
wlf,2012,0
wlf,2013,0
wlf,2018,0
wsm,1998,0
wsm,2001,0
wsm,2004,0
wsm,2006,0
wsm,2009,0
wsm,2010,0
wsm,2011,0
wsm,2012,0
wsm,2017,0
wsm,2018,0
wsm,2019,0
wsm,2020,0
wsm,2024,0
xkx,2022,0
xkx,2023,0
yem,2008,0
yem,2009,0
yem,2010,0
yem,2011,0
yem,2012,0
yem,2013,0
yem,2020,0
yem,2021,0
zaf,1989,0
zaf,1990,0
zaf,1991,0
zaf,1992,0
zaf,1993,0
zaf,1996,0
zaf,1997,0
zaf,1998,0
zaf,2000,0
zaf,2001,0
zaf,2003,0
zaf,2004,0
zaf,2005,0
zaf,2006,0
zaf,2009,0
zaf,2011,0
zaf,2013,0
zaf,2014,0
zaf,2015,0
zaf,2016,0
zaf,2017,0
zaf,2018,0
zaf,2019,0
zaf,2020,0
zaf,2021,0
zaf,2023,0
zaf,2024,0
zmb,1997,0
zmb,1999,0
zmb,2000,0
zmb,2001,0
zmb,2003,0
zmb,2004,0
zmb,2005,0
zmb,2006,0
zmb,2007,0
zmb,2008,0
zmb,2009,0
zmb,2010,0
zmb,2011,0
zmb,2012,0
zmb,2013,0
zmb,2014,0
zmb,2015,0
zmb,2016,0
zmb,2017,0
zmb,2018,0
zmb,2020,0
zwe,1997,0
zwe,2009,0
zwe,2012,0
zwe,2015,0
zwe,2017,0
zwe,2018,0
zwe,2019,0
zwe,2020,0
zwe,2021,0
zwe,2022,0
zwe,2023,0
zwe,2024,0
